{
"type": "FeatureCollection",
"name": "sikkim_landslides_combined",
"crs": { "type": "name", "properties": { "name": "urn:ogc:def:crs:OGC:1.3:CRS84" } },
"features": [
{ "type": "Feature", "properties": { "is_landslide": 1, "longitude": 88.615031017112102, "latitude": 27.278665335439545 }, "geometry": { "type": "Point", "coordinates": [ 88.615031017112102, 27.278665335439545 ] } },
{ "type": "Feature", "properties": { "is_landslide": 1, "longitude": 88.549807935637432, "latitude": 27.265380543705302 }, "geometry": { "type": "Point", "coordinates": [ 88.549807935637432, 27.265380543705302 ] } },
{ "type": "Feature", "properties": { "is_landslide": 1, "longitude": 88.550224959818181, "latitude": 27.26028328376692 }, "geometry": { "type": "Point", "coordinates": [ 88.550224959818181, 27.26028328376692 ] } },
{ "type": "Feature", "properties": { "is_landslide": 1, "longitude": 88.535707587212812, "latitude": 27.303221187263276 }, "geometry": { "type": "Point", "coordinates": [ 88.535707587212812, 27.303221187263276 ] } },
{ "type": "Feature", "properties": { "is_landslide": 1, "longitude": 88.53521681115474, "latitude": 27.305261130677195 }, "geometry": { "type": "Point", "coordinates": [ 88.53521681115474, 27.305261130677195 ] } },
{ "type": "Feature", "properties": { "is_landslide": 1, "longitude": 88.621892301491386, "latitude": 27.278813222789807 }, "geometry": { "type": "Point", "coordinates": [ 88.621892301491386, 27.278813222789807 ] } },
{ "type": "Feature", "properties": { "is_landslide": 1, "longitude": 88.63074578674771, "latitude": 27.291713882614598 }, "geometry": { "type": "Point", "coordinates": [ 88.63074578674771, 27.291713882614598 ] } },
{ "type": "Feature", "properties": { "is_landslide": 1, "longitude": 88.523993790993003, "latitude": 27.282439270715926 }, "geometry": { "type": "Point", "coordinates": [ 88.523993790993003, 27.282439270715926 ] } },
{ "type": "Feature", "properties": { "is_landslide": 1, "longitude": 88.536377534973198, "latitude": 27.348338476944445 }, "geometry": { "type": "Point", "coordinates": [ 88.536377534973198, 27.348338476944445 ] } },
{ "type": "Feature", "properties": { "is_landslide": 1, "longitude": 88.491000025674495, "latitude": 27.206011923690568 }, "geometry": { "type": "Point", "coordinates": [ 88.491000025674495, 27.206011923690568 ] } },
{ "type": "Feature", "properties": { "is_landslide": 1, "longitude": 88.570488245966786, "latitude": 27.276909467665245 }, "geometry": { "type": "Point", "coordinates": [ 88.570488245966786, 27.276909467665245 ] } },
{ "type": "Feature", "properties": { "is_landslide": 1, "longitude": 88.607449942141642, "latitude": 27.215363985883165 }, "geometry": { "type": "Point", "coordinates": [ 88.607449942141642, 27.215363985883165 ] } },
{ "type": "Feature", "properties": { "is_landslide": 1, "longitude": 88.691412700262745, "latitude": 27.234705330324754 }, "geometry": { "type": "Point", "coordinates": [ 88.691412700262745, 27.234705330324754 ] } },
{ "type": "Feature", "properties": { "is_landslide": 1, "longitude": 88.64172815560471, "latitude": 27.195265961541281 }, "geometry": { "type": "Point", "coordinates": [ 88.64172815560471, 27.195265961541281 ] } },
{ "type": "Feature", "properties": { "is_landslide": 1, "longitude": 88.638909467322705, "latitude": 27.190639282938093 }, "geometry": { "type": "Point", "coordinates": [ 88.638909467322705, 27.190639282938093 ] } },
{ "type": "Feature", "properties": { "is_landslide": 1, "longitude": 88.553780920381342, "latitude": 27.197983015160023 }, "geometry": { "type": "Point", "coordinates": [ 88.553780920381342, 27.197983015160023 ] } },
{ "type": "Feature", "properties": { "is_landslide": 1, "longitude": 88.642581231822263, "latitude": 27.234641321193731 }, "geometry": { "type": "Point", "coordinates": [ 88.642581231822263, 27.234641321193731 ] } },
{ "type": "Feature", "properties": { "is_landslide": 1, "longitude": 88.55575921738523, "latitude": 27.199620163234158 }, "geometry": { "type": "Point", "coordinates": [ 88.55575921738523, 27.199620163234158 ] } },
{ "type": "Feature", "properties": { "is_landslide": 1, "longitude": 88.613486567339933, "latitude": 27.237734781519887 }, "geometry": { "type": "Point", "coordinates": [ 88.613486567339933, 27.237734781519887 ] } },
{ "type": "Feature", "properties": { "is_landslide": 1, "longitude": 88.555198876307117, "latitude": 27.201862299908839 }, "geometry": { "type": "Point", "coordinates": [ 88.555198876307117, 27.201862299908839 ] } },
{ "type": "Feature", "properties": { "is_landslide": 1, "longitude": 88.64050567316211, "latitude": 27.257475111254944 }, "geometry": { "type": "Point", "coordinates": [ 88.64050567316211, 27.257475111254944 ] } },
{ "type": "Feature", "properties": { "is_landslide": 1, "longitude": 88.646383835424075, "latitude": 27.249780216176291 }, "geometry": { "type": "Point", "coordinates": [ 88.646383835424075, 27.249780216176291 ] } },
{ "type": "Feature", "properties": { "is_landslide": 1, "longitude": 88.642477770611833, "latitude": 27.251455608261516 }, "geometry": { "type": "Point", "coordinates": [ 88.642477770611833, 27.251455608261516 ] } },
{ "type": "Feature", "properties": { "is_landslide": 1, "longitude": 88.644879518968537, "latitude": 27.251353290823602 }, "geometry": { "type": "Point", "coordinates": [ 88.644879518968537, 27.251353290823602 ] } },
{ "type": "Feature", "properties": { "is_landslide": 1, "longitude": 88.66496571225872, "latitude": 27.223861209452103 }, "geometry": { "type": "Point", "coordinates": [ 88.66496571225872, 27.223861209452103 ] } },
{ "type": "Feature", "properties": { "is_landslide": 1, "longitude": 88.587492357599402, "latitude": 27.388085705924169 }, "geometry": { "type": "Point", "coordinates": [ 88.587492357599402, 27.388085705924169 ] } },
{ "type": "Feature", "properties": { "is_landslide": 1, "longitude": 88.590796804886551, "latitude": 27.390998831662635 }, "geometry": { "type": "Point", "coordinates": [ 88.590796804886551, 27.390998831662635 ] } },
{ "type": "Feature", "properties": { "is_landslide": 1, "longitude": 88.501359467284317, "latitude": 27.321928018576124 }, "geometry": { "type": "Point", "coordinates": [ 88.501359467284317, 27.321928018576124 ] } },
{ "type": "Feature", "properties": { "is_landslide": 1, "longitude": 88.514410062111835, "latitude": 27.341460379835887 }, "geometry": { "type": "Point", "coordinates": [ 88.514410062111835, 27.341460379835887 ] } },
{ "type": "Feature", "properties": { "is_landslide": 1, "longitude": 88.511176426306605, "latitude": 27.395380318242001 }, "geometry": { "type": "Point", "coordinates": [ 88.511176426306605, 27.395380318242001 ] } },
{ "type": "Feature", "properties": { "is_landslide": 1, "longitude": 88.337810038468021, "latitude": 27.304411418616954 }, "geometry": { "type": "Point", "coordinates": [ 88.337810038468021, 27.304411418616954 ] } },
{ "type": "Feature", "properties": { "is_landslide": 1, "longitude": 88.314680658889003, "latitude": 27.311458407707619 }, "geometry": { "type": "Point", "coordinates": [ 88.314680658889003, 27.311458407707619 ] } },
{ "type": "Feature", "properties": { "is_landslide": 1, "longitude": 88.294977418036623, "latitude": 27.297004401224367 }, "geometry": { "type": "Point", "coordinates": [ 88.294977418036623, 27.297004401224367 ] } },
{ "type": "Feature", "properties": { "is_landslide": 1, "longitude": 88.276322189198765, "latitude": 27.345118551770458 }, "geometry": { "type": "Point", "coordinates": [ 88.276322189198765, 27.345118551770458 ] } },
{ "type": "Feature", "properties": { "is_landslide": 1, "longitude": 88.271291360764565, "latitude": 27.342853853228096 }, "geometry": { "type": "Point", "coordinates": [ 88.271291360764565, 27.342853853228096 ] } },
{ "type": "Feature", "properties": { "is_landslide": 1, "longitude": 88.333454801069237, "latitude": 27.302753345551238 }, "geometry": { "type": "Point", "coordinates": [ 88.333454801069237, 27.302753345551238 ] } },
{ "type": "Feature", "properties": { "is_landslide": 1, "longitude": 88.313826325474707, "latitude": 27.133907485535246 }, "geometry": { "type": "Point", "coordinates": [ 88.313826325474707, 27.133907485535246 ] } },
{ "type": "Feature", "properties": { "is_landslide": 1, "longitude": 88.488955443938224, "latitude": 27.44585228734919 }, "geometry": { "type": "Point", "coordinates": [ 88.488955443938224, 27.44585228734919 ] } },
{ "type": "Feature", "properties": { "is_landslide": 1, "longitude": 88.340977429503269, "latitude": 27.304197270592972 }, "geometry": { "type": "Point", "coordinates": [ 88.340977429503269, 27.304197270592972 ] } },
{ "type": "Feature", "properties": { "is_landslide": 1, "longitude": 88.430490393979184, "latitude": 27.316300032426327 }, "geometry": { "type": "Point", "coordinates": [ 88.430490393979184, 27.316300032426327 ] } },
{ "type": "Feature", "properties": { "is_landslide": 1, "longitude": 88.427745973625235, "latitude": 27.318833946641064 }, "geometry": { "type": "Point", "coordinates": [ 88.427745973625235, 27.318833946641064 ] } },
{ "type": "Feature", "properties": { "is_landslide": 1, "longitude": 88.272075620968323, "latitude": 27.351855967847129 }, "geometry": { "type": "Point", "coordinates": [ 88.272075620968323, 27.351855967847129 ] } },
{ "type": "Feature", "properties": { "is_landslide": 1, "longitude": 88.361876381371886, "latitude": 27.133501743699551 }, "geometry": { "type": "Point", "coordinates": [ 88.361876381371886, 27.133501743699551 ] } },
{ "type": "Feature", "properties": { "is_landslide": 1, "longitude": 88.285638400687475, "latitude": 27.292219697036902 }, "geometry": { "type": "Point", "coordinates": [ 88.285638400687475, 27.292219697036902 ] } },
{ "type": "Feature", "properties": { "is_landslide": 1, "longitude": 88.274006488986132, "latitude": 27.335133265736754 }, "geometry": { "type": "Point", "coordinates": [ 88.274006488986132, 27.335133265736754 ] } },
{ "type": "Feature", "properties": { "is_landslide": 1, "longitude": 88.170688932757287, "latitude": 27.129094694811013 }, "geometry": { "type": "Point", "coordinates": [ 88.170688932757287, 27.129094694811013 ] } },
{ "type": "Feature", "properties": { "is_landslide": 1, "longitude": 88.445022203679926, "latitude": 27.489182642999303 }, "geometry": { "type": "Point", "coordinates": [ 88.445022203679926, 27.489182642999303 ] } },
{ "type": "Feature", "properties": { "is_landslide": 1, "longitude": 88.375787637326269, "latitude": 27.303761124845192 }, "geometry": { "type": "Point", "coordinates": [ 88.375787637326269, 27.303761124845192 ] } },
{ "type": "Feature", "properties": { "is_landslide": 1, "longitude": 88.397176584781462, "latitude": 27.29932800524649 }, "geometry": { "type": "Point", "coordinates": [ 88.397176584781462, 27.29932800524649 ] } },
{ "type": "Feature", "properties": { "is_landslide": 1, "longitude": 88.338538959551656, "latitude": 27.325163542292159 }, "geometry": { "type": "Point", "coordinates": [ 88.338538959551656, 27.325163542292159 ] } },
{ "type": "Feature", "properties": { "is_landslide": 1, "longitude": 88.582111739802215, "latitude": 27.405071027318161 }, "geometry": { "type": "Point", "coordinates": [ 88.582111739802215, 27.405071027318161 ] } },
{ "type": "Feature", "properties": { "is_landslide": 1, "longitude": 88.583498888741175, "latitude": 27.40805866458226 }, "geometry": { "type": "Point", "coordinates": [ 88.583498888741175, 27.40805866458226 ] } },
{ "type": "Feature", "properties": { "is_landslide": 1, "longitude": 88.500708067784601, "latitude": 27.541792238974356 }, "geometry": { "type": "Point", "coordinates": [ 88.500708067784601, 27.541792238974356 ] } },
{ "type": "Feature", "properties": { "is_landslide": 1, "longitude": 88.3979844950737, "latitude": 27.111753453975453 }, "geometry": { "type": "Point", "coordinates": [ 88.3979844950737, 27.111753453975453 ] } },
{ "type": "Feature", "properties": { "is_landslide": 1, "longitude": 88.401209617226272, "latitude": 27.110945024358262 }, "geometry": { "type": "Point", "coordinates": [ 88.401209617226272, 27.110945024358262 ] } },
{ "type": "Feature", "properties": { "is_landslide": 1, "longitude": 88.399256501122721, "latitude": 27.112021574777501 }, "geometry": { "type": "Point", "coordinates": [ 88.399256501122721, 27.112021574777501 ] } },
{ "type": "Feature", "properties": { "is_landslide": 1, "longitude": 88.268641858341297, "latitude": 27.32959754673962 }, "geometry": { "type": "Point", "coordinates": [ 88.268641858341297, 27.32959754673962 ] } },
{ "type": "Feature", "properties": { "is_landslide": 1, "longitude": 88.269869576457538, "latitude": 27.32863456797417 }, "geometry": { "type": "Point", "coordinates": [ 88.269869576457538, 27.32863456797417 ] } },
{ "type": "Feature", "properties": { "is_landslide": 1, "longitude": 88.271628077638525, "latitude": 27.331087904670909 }, "geometry": { "type": "Point", "coordinates": [ 88.271628077638525, 27.331087904670909 ] } },
{ "type": "Feature", "properties": { "is_landslide": 1, "longitude": 88.271890834144997, "latitude": 27.331953529594706 }, "geometry": { "type": "Point", "coordinates": [ 88.271890834144997, 27.331953529594706 ] } },
{ "type": "Feature", "properties": { "is_landslide": 1, "longitude": 88.271753072849748, "latitude": 27.332697890489996 }, "geometry": { "type": "Point", "coordinates": [ 88.271753072849748, 27.332697890489996 ] } },
{ "type": "Feature", "properties": { "is_landslide": 1, "longitude": 88.276603734096696, "latitude": 27.369142451349465 }, "geometry": { "type": "Point", "coordinates": [ 88.276603734096696, 27.369142451349465 ] } },
{ "type": "Feature", "properties": { "is_landslide": 1, "longitude": 88.327467296832154, "latitude": 27.385418796065288 }, "geometry": { "type": "Point", "coordinates": [ 88.327467296832154, 27.385418796065288 ] } },
{ "type": "Feature", "properties": { "is_landslide": 1, "longitude": 88.332719989984966, "latitude": 27.391721742074658 }, "geometry": { "type": "Point", "coordinates": [ 88.332719989984966, 27.391721742074658 ] } },
{ "type": "Feature", "properties": { "is_landslide": 1, "longitude": 88.331350714325154, "latitude": 27.391912431507919 }, "geometry": { "type": "Point", "coordinates": [ 88.331350714325154, 27.391912431507919 ] } },
{ "type": "Feature", "properties": { "is_landslide": 1, "longitude": 88.339727969061215, "latitude": 27.387768115016812 }, "geometry": { "type": "Point", "coordinates": [ 88.339727969061215, 27.387768115016812 ] } },
{ "type": "Feature", "properties": { "is_landslide": 1, "longitude": 88.337341025874551, "latitude": 27.389107036476933 }, "geometry": { "type": "Point", "coordinates": [ 88.337341025874551, 27.389107036476933 ] } },
{ "type": "Feature", "properties": { "is_landslide": 1, "longitude": 88.335721000272898, "latitude": 27.292315478122834 }, "geometry": { "type": "Point", "coordinates": [ 88.335721000272898, 27.292315478122834 ] } },
{ "type": "Feature", "properties": { "is_landslide": 1, "longitude": 88.179102211107704, "latitude": 27.140441524280188 }, "geometry": { "type": "Point", "coordinates": [ 88.179102211107704, 27.140441524280188 ] } },
{ "type": "Feature", "properties": { "is_landslide": 1, "longitude": 88.196738528009604, "latitude": 27.143641572286683 }, "geometry": { "type": "Point", "coordinates": [ 88.196738528009604, 27.143641572286683 ] } },
{ "type": "Feature", "properties": { "is_landslide": 1, "longitude": 88.196068864115006, "latitude": 27.144274511944438 }, "geometry": { "type": "Point", "coordinates": [ 88.196068864115006, 27.144274511944438 ] } },
{ "type": "Feature", "properties": { "is_landslide": 1, "longitude": 88.200736486678011, "latitude": 27.145534014685108 }, "geometry": { "type": "Point", "coordinates": [ 88.200736486678011, 27.145534014685108 ] } },
{ "type": "Feature", "properties": { "is_landslide": 1, "longitude": 88.207747822801949, "latitude": 27.155335083450908 }, "geometry": { "type": "Point", "coordinates": [ 88.207747822801949, 27.155335083450908 ] } },
{ "type": "Feature", "properties": { "is_landslide": 1, "longitude": 88.207053300752847, "latitude": 27.155588071450943 }, "geometry": { "type": "Point", "coordinates": [ 88.207053300752847, 27.155588071450943 ] } },
{ "type": "Feature", "properties": { "is_landslide": 1, "longitude": 88.261591439719879, "latitude": 27.255451814981789 }, "geometry": { "type": "Point", "coordinates": [ 88.261591439719879, 27.255451814981789 ] } },
{ "type": "Feature", "properties": { "is_landslide": 1, "longitude": 88.261156502293872, "latitude": 27.271533718675126 }, "geometry": { "type": "Point", "coordinates": [ 88.261156502293872, 27.271533718675126 ] } },
{ "type": "Feature", "properties": { "is_landslide": 1, "longitude": 88.264639247960773, "latitude": 27.277936705248838 }, "geometry": { "type": "Point", "coordinates": [ 88.264639247960773, 27.277936705248838 ] } },
{ "type": "Feature", "properties": { "is_landslide": 1, "longitude": 88.261064064470503, "latitude": 27.287913377023834 }, "geometry": { "type": "Point", "coordinates": [ 88.261064064470503, 27.287913377023834 ] } },
{ "type": "Feature", "properties": { "is_landslide": 1, "longitude": 88.264197786251032, "latitude": 27.287550496247679 }, "geometry": { "type": "Point", "coordinates": [ 88.264197786251032, 27.287550496247679 ] } },
{ "type": "Feature", "properties": { "is_landslide": 1, "longitude": 88.263003645665421, "latitude": 27.289770913225503 }, "geometry": { "type": "Point", "coordinates": [ 88.263003645665421, 27.289770913225503 ] } },
{ "type": "Feature", "properties": { "is_landslide": 1, "longitude": 88.280351068461783, "latitude": 27.308116291338784 }, "geometry": { "type": "Point", "coordinates": [ 88.280351068461783, 27.308116291338784 ] } },
{ "type": "Feature", "properties": { "is_landslide": 1, "longitude": 88.321509714160115, "latitude": 27.312224959289402 }, "geometry": { "type": "Point", "coordinates": [ 88.321509714160115, 27.312224959289402 ] } },
{ "type": "Feature", "properties": { "is_landslide": 1, "longitude": 88.323161507289754, "latitude": 27.312742253946421 }, "geometry": { "type": "Point", "coordinates": [ 88.323161507289754, 27.312742253946421 ] } },
{ "type": "Feature", "properties": { "is_landslide": 1, "longitude": 88.326837197522323, "latitude": 27.314775571779681 }, "geometry": { "type": "Point", "coordinates": [ 88.326837197522323, 27.314775571779681 ] } },
{ "type": "Feature", "properties": { "is_landslide": 1, "longitude": 88.432456694821525, "latitude": 27.329101288092541 }, "geometry": { "type": "Point", "coordinates": [ 88.432456694821525, 27.329101288092541 ] } },
{ "type": "Feature", "properties": { "is_landslide": 1, "longitude": 88.457401393815829, "latitude": 27.349833424978385 }, "geometry": { "type": "Point", "coordinates": [ 88.457401393815829, 27.349833424978385 ] } },
{ "type": "Feature", "properties": { "is_landslide": 1, "longitude": 88.470609480568712, "latitude": 27.381792324788343 }, "geometry": { "type": "Point", "coordinates": [ 88.470609480568712, 27.381792324788343 ] } },
{ "type": "Feature", "properties": { "is_landslide": 1, "longitude": 88.508432299668755, "latitude": 27.489176459182158 }, "geometry": { "type": "Point", "coordinates": [ 88.508432299668755, 27.489176459182158 ] } },
{ "type": "Feature", "properties": { "is_landslide": 1, "longitude": 88.509645537867101, "latitude": 27.489667397887594 }, "geometry": { "type": "Point", "coordinates": [ 88.509645537867101, 27.489667397887594 ] } },
{ "type": "Feature", "properties": { "is_landslide": 1, "longitude": 88.47347789036337, "latitude": 27.443825079108187 }, "geometry": { "type": "Point", "coordinates": [ 88.47347789036337, 27.443825079108187 ] } },
{ "type": "Feature", "properties": { "is_landslide": 1, "longitude": 88.517953566458729, "latitude": 27.163406536673584 }, "geometry": { "type": "Point", "coordinates": [ 88.517953566458729, 27.163406536673584 ] } },
{ "type": "Feature", "properties": { "is_landslide": 1, "longitude": 88.495624829260791, "latitude": 27.133859310068967 }, "geometry": { "type": "Point", "coordinates": [ 88.495624829260791, 27.133859310068967 ] } },
{ "type": "Feature", "properties": { "is_landslide": 1, "longitude": 88.513121144179777, "latitude": 27.152231377421415 }, "geometry": { "type": "Point", "coordinates": [ 88.513121144179777, 27.152231377421415 ] } },
{ "type": "Feature", "properties": { "is_landslide": 1, "longitude": 88.488859414190387, "latitude": 27.127133070776082 }, "geometry": { "type": "Point", "coordinates": [ 88.488859414190387, 27.127133070776082 ] } },
{ "type": "Feature", "properties": { "is_landslide": 1, "longitude": 88.482080462746694, "latitude": 27.131366790174553 }, "geometry": { "type": "Point", "coordinates": [ 88.482080462746694, 27.131366790174553 ] } },
{ "type": "Feature", "properties": { "is_landslide": 1, "longitude": 88.473373231186258, "latitude": 27.1386255106143 }, "geometry": { "type": "Point", "coordinates": [ 88.473373231186258, 27.1386255106143 ] } },
{ "type": "Feature", "properties": { "is_landslide": 1, "longitude": 88.476353604247635, "latitude": 27.138996452034139 }, "geometry": { "type": "Point", "coordinates": [ 88.476353604247635, 27.138996452034139 ] } },
{ "type": "Feature", "properties": { "is_landslide": 1, "longitude": 88.448545824969656, "latitude": 27.127000082838247 }, "geometry": { "type": "Point", "coordinates": [ 88.448545824969656, 27.127000082838247 ] } },
{ "type": "Feature", "properties": { "is_landslide": 1, "longitude": 88.292412583233912, "latitude": 27.129495721696006 }, "geometry": { "type": "Point", "coordinates": [ 88.292412583233912, 27.129495721696006 ] } },
{ "type": "Feature", "properties": { "is_landslide": 1, "longitude": 88.298719853603529, "latitude": 27.130894452711342 }, "geometry": { "type": "Point", "coordinates": [ 88.298719853603529, 27.130894452711342 ] } },
{ "type": "Feature", "properties": { "is_landslide": 1, "longitude": 88.311414001327563, "latitude": 27.128083862656666 }, "geometry": { "type": "Point", "coordinates": [ 88.311414001327563, 27.128083862656666 ] } },
{ "type": "Feature", "properties": { "is_landslide": 1, "longitude": 88.312509126990619, "latitude": 27.130486009301535 }, "geometry": { "type": "Point", "coordinates": [ 88.312509126990619, 27.130486009301535 ] } },
{ "type": "Feature", "properties": { "is_landslide": 1, "longitude": 88.319719610650125, "latitude": 27.133173967554509 }, "geometry": { "type": "Point", "coordinates": [ 88.319719610650125, 27.133173967554509 ] } },
{ "type": "Feature", "properties": { "is_landslide": 1, "longitude": 88.321056585218741, "latitude": 27.128262314427005 }, "geometry": { "type": "Point", "coordinates": [ 88.321056585218741, 27.128262314427005 ] } },
{ "type": "Feature", "properties": { "is_landslide": 1, "longitude": 88.332608503593178, "latitude": 27.132831826789694 }, "geometry": { "type": "Point", "coordinates": [ 88.332608503593178, 27.132831826789694 ] } },
{ "type": "Feature", "properties": { "is_landslide": 1, "longitude": 88.331620217404918, "latitude": 27.131806097792428 }, "geometry": { "type": "Point", "coordinates": [ 88.331620217404918, 27.131806097792428 ] } },
{ "type": "Feature", "properties": { "is_landslide": 1, "longitude": 88.332768350877785, "latitude": 27.131688828142376 }, "geometry": { "type": "Point", "coordinates": [ 88.332768350877785, 27.131688828142376 ] } },
{ "type": "Feature", "properties": { "is_landslide": 1, "longitude": 88.328821350789255, "latitude": 27.129844534703707 }, "geometry": { "type": "Point", "coordinates": [ 88.328821350789255, 27.129844534703707 ] } },
{ "type": "Feature", "properties": { "is_landslide": 1, "longitude": 88.333672174771124, "latitude": 27.127897657756471 }, "geometry": { "type": "Point", "coordinates": [ 88.333672174771124, 27.127897657756471 ] } },
{ "type": "Feature", "properties": { "is_landslide": 1, "longitude": 88.333204585462667, "latitude": 27.12731004431841 }, "geometry": { "type": "Point", "coordinates": [ 88.333204585462667, 27.12731004431841 ] } },
{ "type": "Feature", "properties": { "is_landslide": 1, "longitude": 88.332465889848933, "latitude": 27.126489087513232 }, "geometry": { "type": "Point", "coordinates": [ 88.332465889848933, 27.126489087513232 ] } },
{ "type": "Feature", "properties": { "is_landslide": 1, "longitude": 88.332150592261627, "latitude": 27.127483178186733 }, "geometry": { "type": "Point", "coordinates": [ 88.332150592261627, 27.127483178186733 ] } },
{ "type": "Feature", "properties": { "is_landslide": 1, "longitude": 88.362262155359105, "latitude": 27.124104287676079 }, "geometry": { "type": "Point", "coordinates": [ 88.362262155359105, 27.124104287676079 ] } },
{ "type": "Feature", "properties": { "is_landslide": 1, "longitude": 88.369286342960777, "latitude": 27.123730968017945 }, "geometry": { "type": "Point", "coordinates": [ 88.369286342960777, 27.123730968017945 ] } },
{ "type": "Feature", "properties": { "is_landslide": 1, "longitude": 88.371618613393039, "latitude": 27.123504029986339 }, "geometry": { "type": "Point", "coordinates": [ 88.371618613393039, 27.123504029986339 ] } },
{ "type": "Feature", "properties": { "is_landslide": 1, "longitude": 88.373704174464237, "latitude": 27.123035681535548 }, "geometry": { "type": "Point", "coordinates": [ 88.373704174464237, 27.123035681535548 ] } },
{ "type": "Feature", "properties": { "is_landslide": 1, "longitude": 88.452570738294341, "latitude": 27.159040551082448 }, "geometry": { "type": "Point", "coordinates": [ 88.452570738294341, 27.159040551082448 ] } },
{ "type": "Feature", "properties": { "is_landslide": 1, "longitude": 88.452150296995768, "latitude": 27.158727960633531 }, "geometry": { "type": "Point", "coordinates": [ 88.452150296995768, 27.158727960633531 ] } },
{ "type": "Feature", "properties": { "is_landslide": 1, "longitude": 88.455414840477232, "latitude": 27.156140047041195 }, "geometry": { "type": "Point", "coordinates": [ 88.455414840477232, 27.156140047041195 ] } },
{ "type": "Feature", "properties": { "is_landslide": 1, "longitude": 88.456372939514196, "latitude": 27.159338926513108 }, "geometry": { "type": "Point", "coordinates": [ 88.456372939514196, 27.159338926513108 ] } },
{ "type": "Feature", "properties": { "is_landslide": 1, "longitude": 88.434787470743288, "latitude": 27.193221735853786 }, "geometry": { "type": "Point", "coordinates": [ 88.434787470743288, 27.193221735853786 ] } },
{ "type": "Feature", "properties": { "is_landslide": 1, "longitude": 88.445843418231675, "latitude": 27.200000677217066 }, "geometry": { "type": "Point", "coordinates": [ 88.445843418231675, 27.200000677217066 ] } },
{ "type": "Feature", "properties": { "is_landslide": 1, "longitude": 88.44442249264398, "latitude": 27.237655265169273 }, "geometry": { "type": "Point", "coordinates": [ 88.44442249264398, 27.237655265169273 ] } },
{ "type": "Feature", "properties": { "is_landslide": 1, "longitude": 88.440442737871891, "latitude": 27.235296918049723 }, "geometry": { "type": "Point", "coordinates": [ 88.440442737871891, 27.235296918049723 ] } },
{ "type": "Feature", "properties": { "is_landslide": 1, "longitude": 88.431302519881598, "latitude": 27.230200531875141 }, "geometry": { "type": "Point", "coordinates": [ 88.431302519881598, 27.230200531875141 ] } },
{ "type": "Feature", "properties": { "is_landslide": 1, "longitude": 88.429207535593974, "latitude": 27.230063128366258 }, "geometry": { "type": "Point", "coordinates": [ 88.429207535593974, 27.230063128366258 ] } },
{ "type": "Feature", "properties": { "is_landslide": 1, "longitude": 88.432034230281573, "latitude": 27.226905667569891 }, "geometry": { "type": "Point", "coordinates": [ 88.432034230281573, 27.226905667569891 ] } },
{ "type": "Feature", "properties": { "is_landslide": 1, "longitude": 88.433313639725981, "latitude": 27.22954012472341 }, "geometry": { "type": "Point", "coordinates": [ 88.433313639725981, 27.22954012472341 ] } },
{ "type": "Feature", "properties": { "is_landslide": 1, "longitude": 88.376729590551435, "latitude": 27.22603284261999 }, "geometry": { "type": "Point", "coordinates": [ 88.376729590551435, 27.22603284261999 ] } },
{ "type": "Feature", "properties": { "is_landslide": 1, "longitude": 88.378952743542314, "latitude": 27.246613103067276 }, "geometry": { "type": "Point", "coordinates": [ 88.378952743542314, 27.246613103067276 ] } },
{ "type": "Feature", "properties": { "is_landslide": 1, "longitude": 88.373609150487724, "latitude": 27.268080246203809 }, "geometry": { "type": "Point", "coordinates": [ 88.373609150487724, 27.268080246203809 ] } },
{ "type": "Feature", "properties": { "is_landslide": 1, "longitude": 88.338850953786633, "latitude": 27.262738634385641 }, "geometry": { "type": "Point", "coordinates": [ 88.338850953786633, 27.262738634385641 ] } },
{ "type": "Feature", "properties": { "is_landslide": 1, "longitude": 88.551970054766258, "latitude": 27.395170087735011 }, "geometry": { "type": "Point", "coordinates": [ 88.551970054766258, 27.395170087735011 ] } },
{ "type": "Feature", "properties": { "is_landslide": 1, "longitude": 88.551083969426173, "latitude": 27.394041759679183 }, "geometry": { "type": "Point", "coordinates": [ 88.551083969426173, 27.394041759679183 ] } },
{ "type": "Feature", "properties": { "is_landslide": 1, "longitude": 88.330974422386248, "latitude": 27.39026002487531 }, "geometry": { "type": "Point", "coordinates": [ 88.330974422386248, 27.39026002487531 ] } },
{ "type": "Feature", "properties": { "is_landslide": 1, "longitude": 88.332529379042825, "latitude": 27.390039787253063 }, "geometry": { "type": "Point", "coordinates": [ 88.332529379042825, 27.390039787253063 ] } },
{ "type": "Feature", "properties": { "is_landslide": 1, "longitude": 88.498360306215787, "latitude": 27.540062344820118 }, "geometry": { "type": "Point", "coordinates": [ 88.498360306215787, 27.540062344820118 ] } },
{ "type": "Feature", "properties": { "is_landslide": 1, "longitude": 88.494784701800953, "latitude": 27.442251488659785 }, "geometry": { "type": "Point", "coordinates": [ 88.494784701800953, 27.442251488659785 ] } },
{ "type": "Feature", "properties": { "is_landslide": 1, "longitude": 88.222058353336138, "latitude": 27.086215292631426 }, "geometry": { "type": "Point", "coordinates": [ 88.222058353336138, 27.086215292631426 ] } },
{ "type": "Feature", "properties": { "is_landslide": 1, "longitude": 88.241532964535494, "latitude": 27.107072512799999 }, "geometry": { "type": "Point", "coordinates": [ 88.241532964535494, 27.107072512799999 ] } },
{ "type": "Feature", "properties": { "is_landslide": 1, "longitude": 88.249645582132928, "latitude": 27.109247844742153 }, "geometry": { "type": "Point", "coordinates": [ 88.249645582132928, 27.109247844742153 ] } },
{ "type": "Feature", "properties": { "is_landslide": 1, "longitude": 88.254113710755448, "latitude": 27.113526195805306 }, "geometry": { "type": "Point", "coordinates": [ 88.254113710755448, 27.113526195805306 ] } },
{ "type": "Feature", "properties": { "is_landslide": 1, "longitude": 88.257690036415553, "latitude": 27.11342427650353 }, "geometry": { "type": "Point", "coordinates": [ 88.257690036415553, 27.11342427650353 ] } },
{ "type": "Feature", "properties": { "is_landslide": 1, "longitude": 88.264693499611525, "latitude": 27.114056222017719 }, "geometry": { "type": "Point", "coordinates": [ 88.264693499611525, 27.114056222017719 ] } },
{ "type": "Feature", "properties": { "is_landslide": 1, "longitude": 88.271416134226456, "latitude": 27.116274936485663 }, "geometry": { "type": "Point", "coordinates": [ 88.271416134226456, 27.116274936485663 ] } },
{ "type": "Feature", "properties": { "is_landslide": 1, "longitude": 88.222915006458919, "latitude": 27.113217814302825 }, "geometry": { "type": "Point", "coordinates": [ 88.222915006458919, 27.113217814302825 ] } },
{ "type": "Feature", "properties": { "is_landslide": 1, "longitude": 88.22253519049417, "latitude": 27.115620711241579 }, "geometry": { "type": "Point", "coordinates": [ 88.22253519049417, 27.115620711241579 ] } },
{ "type": "Feature", "properties": { "is_landslide": 1, "longitude": 88.224508653011796, "latitude": 27.115919192253589 }, "geometry": { "type": "Point", "coordinates": [ 88.224508653011796, 27.115919192253589 ] } },
{ "type": "Feature", "properties": { "is_landslide": 1, "longitude": 88.214653396246064, "latitude": 27.118916010464996 }, "geometry": { "type": "Point", "coordinates": [ 88.214653396246064, 27.118916010464996 ] } },
{ "type": "Feature", "properties": { "is_landslide": 1, "longitude": 88.214646119561408, "latitude": 27.117293257837858 }, "geometry": { "type": "Point", "coordinates": [ 88.214646119561408, 27.117293257837858 ] } },
{ "type": "Feature", "properties": { "is_landslide": 1, "longitude": 88.213747063536402, "latitude": 27.115546533158582 }, "geometry": { "type": "Point", "coordinates": [ 88.213747063536402, 27.115546533158582 ] } },
{ "type": "Feature", "properties": { "is_landslide": 1, "longitude": 88.669281955812565, "latitude": 27.340428418266441 }, "geometry": { "type": "Point", "coordinates": [ 88.669281955812565, 27.340428418266441 ] } },
{ "type": "Feature", "properties": { "is_landslide": 1, "longitude": 88.659997966045793, "latitude": 27.353154386479162 }, "geometry": { "type": "Point", "coordinates": [ 88.659997966045793, 27.353154386479162 ] } },
{ "type": "Feature", "properties": { "is_landslide": 1, "longitude": 88.667253570296765, "latitude": 27.355703406404984 }, "geometry": { "type": "Point", "coordinates": [ 88.667253570296765, 27.355703406404984 ] } },
{ "type": "Feature", "properties": { "is_landslide": 1, "longitude": 88.666366748510924, "latitude": 27.355513716143196 }, "geometry": { "type": "Point", "coordinates": [ 88.666366748510924, 27.355513716143196 ] } },
{ "type": "Feature", "properties": { "is_landslide": 1, "longitude": 88.215049139678712, "latitude": 27.286567045078801 }, "geometry": { "type": "Point", "coordinates": [ 88.215049139678712, 27.286567045078801 ] } },
{ "type": "Feature", "properties": { "is_landslide": 1, "longitude": 88.174466532029257, "latitude": 27.271950447998552 }, "geometry": { "type": "Point", "coordinates": [ 88.174466532029257, 27.271950447998552 ] } },
{ "type": "Feature", "properties": { "is_landslide": 1, "longitude": 88.656062168814756, "latitude": 27.42684414734584 }, "geometry": { "type": "Point", "coordinates": [ 88.656062168814756, 27.42684414734584 ] } },
{ "type": "Feature", "properties": { "is_landslide": 1, "longitude": 88.654082531833737, "latitude": 27.398591749666085 }, "geometry": { "type": "Point", "coordinates": [ 88.654082531833737, 27.398591749666085 ] } },
{ "type": "Feature", "properties": { "is_landslide": 1, "longitude": 88.652748428556407, "latitude": 27.3973182203334 }, "geometry": { "type": "Point", "coordinates": [ 88.652748428556407, 27.3973182203334 ] } },
{ "type": "Feature", "properties": { "is_landslide": 1, "longitude": 88.65847999092918, "latitude": 27.394986654962931 }, "geometry": { "type": "Point", "coordinates": [ 88.65847999092918, 27.394986654962931 ] } },
{ "type": "Feature", "properties": { "is_landslide": 1, "longitude": 88.658358253150581, "latitude": 27.401430225310826 }, "geometry": { "type": "Point", "coordinates": [ 88.658358253150581, 27.401430225310826 ] } },
{ "type": "Feature", "properties": { "is_landslide": 1, "longitude": 88.648368407461021, "latitude": 27.459764579113433 }, "geometry": { "type": "Point", "coordinates": [ 88.648368407461021, 27.459764579113433 ] } },
{ "type": "Feature", "properties": { "is_landslide": 1, "longitude": 88.668482699224853, "latitude": 27.358773065124204 }, "geometry": { "type": "Point", "coordinates": [ 88.668482699224853, 27.358773065124204 ] } },
{ "type": "Feature", "properties": { "is_landslide": 1, "longitude": 88.67262753039023, "latitude": 27.338322014586531 }, "geometry": { "type": "Point", "coordinates": [ 88.67262753039023, 27.338322014586531 ] } },
{ "type": "Feature", "properties": { "is_landslide": 1, "longitude": 88.668901412326363, "latitude": 27.356328326655564 }, "geometry": { "type": "Point", "coordinates": [ 88.668901412326363, 27.356328326655564 ] } },
{ "type": "Feature", "properties": { "is_landslide": 1, "longitude": 88.672696585704429, "latitude": 27.338414683874976 }, "geometry": { "type": "Point", "coordinates": [ 88.672696585704429, 27.338414683874976 ] } },
{ "type": "Feature", "properties": { "is_landslide": 1, "longitude": 88.856110667372775, "latitude": 27.353393650062277 }, "geometry": { "type": "Point", "coordinates": [ 88.856110667372775, 27.353393650062277 ] } },
{ "type": "Feature", "properties": { "is_landslide": 1, "longitude": 88.89396939656919, "latitude": 27.293195629147789 }, "geometry": { "type": "Point", "coordinates": [ 88.89396939656919, 27.293195629147789 ] } },
{ "type": "Feature", "properties": { "is_landslide": 1, "longitude": 88.714277344405971, "latitude": 27.408835412718979 }, "geometry": { "type": "Point", "coordinates": [ 88.714277344405971, 27.408835412718979 ] } },
{ "type": "Feature", "properties": { "is_landslide": 1, "longitude": 88.723555135674431, "latitude": 27.19748897933426 }, "geometry": { "type": "Point", "coordinates": [ 88.723555135674431, 27.19748897933426 ] } },
{ "type": "Feature", "properties": { "is_landslide": 1, "longitude": 88.779327637315617, "latitude": 27.234632299939161 }, "geometry": { "type": "Point", "coordinates": [ 88.779327637315617, 27.234632299939161 ] } },
{ "type": "Feature", "properties": { "is_landslide": 1, "longitude": 88.722407249247325, "latitude": 27.260369914198222 }, "geometry": { "type": "Point", "coordinates": [ 88.722407249247325, 27.260369914198222 ] } },
{ "type": "Feature", "properties": { "is_landslide": 1, "longitude": 88.751736827861208, "latitude": 27.287812537552252 }, "geometry": { "type": "Point", "coordinates": [ 88.751736827861208, 27.287812537552252 ] } },
{ "type": "Feature", "properties": { "is_landslide": 1, "longitude": 88.666764522939346, "latitude": 27.389747710641423 }, "geometry": { "type": "Point", "coordinates": [ 88.666764522939346, 27.389747710641423 ] } },
{ "type": "Feature", "properties": { "is_landslide": 1, "longitude": 88.821261767022364, "latitude": 27.26648304593532 }, "geometry": { "type": "Point", "coordinates": [ 88.821261767022364, 27.26648304593532 ] } },
{ "type": "Feature", "properties": { "is_landslide": 1, "longitude": 88.819681171787579, "latitude": 27.265593834951545 }, "geometry": { "type": "Point", "coordinates": [ 88.819681171787579, 27.265593834951545 ] } },
{ "type": "Feature", "properties": { "is_landslide": 1, "longitude": 88.704269551119708, "latitude": 27.291861595983558 }, "geometry": { "type": "Point", "coordinates": [ 88.704269551119708, 27.291861595983558 ] } },
{ "type": "Feature", "properties": { "is_landslide": 1, "longitude": 88.710806549719649, "latitude": 27.283309863973756 }, "geometry": { "type": "Point", "coordinates": [ 88.710806549719649, 27.283309863973756 ] } },
{ "type": "Feature", "properties": { "is_landslide": 1, "longitude": 88.721953250823546, "latitude": 27.284372326828741 }, "geometry": { "type": "Point", "coordinates": [ 88.721953250823546, 27.284372326828741 ] } },
{ "type": "Feature", "properties": { "is_landslide": 1, "longitude": 88.71976879561835, "latitude": 27.294064113996281 }, "geometry": { "type": "Point", "coordinates": [ 88.71976879561835, 27.294064113996281 ] } },
{ "type": "Feature", "properties": { "is_landslide": 1, "longitude": 88.72006925742663, "latitude": 27.298717547311604 }, "geometry": { "type": "Point", "coordinates": [ 88.72006925742663, 27.298717547311604 ] } },
{ "type": "Feature", "properties": { "is_landslide": 1, "longitude": 88.724044954072852, "latitude": 27.302344910891396 }, "geometry": { "type": "Point", "coordinates": [ 88.724044954072852, 27.302344910891396 ] } },
{ "type": "Feature", "properties": { "is_landslide": 1, "longitude": 88.722708917016533, "latitude": 27.309408585576737 }, "geometry": { "type": "Point", "coordinates": [ 88.722708917016533, 27.309408585576737 ] } },
{ "type": "Feature", "properties": { "is_landslide": 1, "longitude": 88.72471913739075, "latitude": 27.308399384322961 }, "geometry": { "type": "Point", "coordinates": [ 88.72471913739075, 27.308399384322961 ] } },
{ "type": "Feature", "properties": { "is_landslide": 1, "longitude": 88.743385419474549, "latitude": 27.28373657695802 }, "geometry": { "type": "Point", "coordinates": [ 88.743385419474549, 27.28373657695802 ] } },
{ "type": "Feature", "properties": { "is_landslide": 1, "longitude": 88.724359365119582, "latitude": 27.310028117705933 }, "geometry": { "type": "Point", "coordinates": [ 88.724359365119582, 27.310028117705933 ] } },
{ "type": "Feature", "properties": { "is_landslide": 1, "longitude": 88.724628687674567, "latitude": 27.310809168784175 }, "geometry": { "type": "Point", "coordinates": [ 88.724628687674567, 27.310809168784175 ] } },
{ "type": "Feature", "properties": { "is_landslide": 1, "longitude": 88.727767603798185, "latitude": 27.316618652336857 }, "geometry": { "type": "Point", "coordinates": [ 88.727767603798185, 27.316618652336857 ] } },
{ "type": "Feature", "properties": { "is_landslide": 1, "longitude": 88.731449452795331, "latitude": 27.315727399769347 }, "geometry": { "type": "Point", "coordinates": [ 88.731449452795331, 27.315727399769347 ] } },
{ "type": "Feature", "properties": { "is_landslide": 1, "longitude": 88.716571332418553, "latitude": 27.298550888437319 }, "geometry": { "type": "Point", "coordinates": [ 88.716571332418553, 27.298550888437319 ] } },
{ "type": "Feature", "properties": { "is_landslide": 1, "longitude": 88.750272143667146, "latitude": 27.294273996497413 }, "geometry": { "type": "Point", "coordinates": [ 88.750272143667146, 27.294273996497413 ] } },
{ "type": "Feature", "properties": { "is_landslide": 1, "longitude": 88.739081780612111, "latitude": 27.303532767853593 }, "geometry": { "type": "Point", "coordinates": [ 88.739081780612111, 27.303532767853593 ] } },
{ "type": "Feature", "properties": { "is_landslide": 1, "longitude": 88.761575658365686, "latitude": 27.295598333300521 }, "geometry": { "type": "Point", "coordinates": [ 88.761575658365686, 27.295598333300521 ] } },
{ "type": "Feature", "properties": { "is_landslide": 1, "longitude": 88.763599730595203, "latitude": 27.295036475173948 }, "geometry": { "type": "Point", "coordinates": [ 88.763599730595203, 27.295036475173948 ] } },
{ "type": "Feature", "properties": { "is_landslide": 1, "longitude": 88.738605648085326, "latitude": 27.282498927373236 }, "geometry": { "type": "Point", "coordinates": [ 88.738605648085326, 27.282498927373236 ] } },
{ "type": "Feature", "properties": { "is_landslide": 1, "longitude": 88.743646923316433, "latitude": 27.284316664803157 }, "geometry": { "type": "Point", "coordinates": [ 88.743646923316433, 27.284316664803157 ] } },
{ "type": "Feature", "properties": { "is_landslide": 1, "longitude": 88.73373463540041, "latitude": 27.281858926534102 }, "geometry": { "type": "Point", "coordinates": [ 88.73373463540041, 27.281858926534102 ] } },
{ "type": "Feature", "properties": { "is_landslide": 1, "longitude": 88.73469364771924, "latitude": 27.281920801345748 }, "geometry": { "type": "Point", "coordinates": [ 88.73469364771924, 27.281920801345748 ] } },
{ "type": "Feature", "properties": { "is_landslide": 1, "longitude": 88.764027308761271, "latitude": 27.296974307158891 }, "geometry": { "type": "Point", "coordinates": [ 88.764027308761271, 27.296974307158891 ] } },
{ "type": "Feature", "properties": { "is_landslide": 1, "longitude": 88.765848848582877, "latitude": 27.29740008442667 }, "geometry": { "type": "Point", "coordinates": [ 88.765848848582877, 27.29740008442667 ] } },
{ "type": "Feature", "properties": { "is_landslide": 1, "longitude": 88.772481308702268, "latitude": 27.297523953878439 }, "geometry": { "type": "Point", "coordinates": [ 88.772481308702268, 27.297523953878439 ] } },
{ "type": "Feature", "properties": { "is_landslide": 1, "longitude": 88.75199504319599, "latitude": 27.30923263014142 }, "geometry": { "type": "Point", "coordinates": [ 88.75199504319599, 27.30923263014142 ] } },
{ "type": "Feature", "properties": { "is_landslide": 1, "longitude": 88.829729815169358, "latitude": 27.268284296913052 }, "geometry": { "type": "Point", "coordinates": [ 88.829729815169358, 27.268284296913052 ] } },
{ "type": "Feature", "properties": { "is_landslide": 1, "longitude": 88.796930302595712, "latitude": 27.2512531409341 }, "geometry": { "type": "Point", "coordinates": [ 88.796930302595712, 27.2512531409341 ] } },
{ "type": "Feature", "properties": { "is_landslide": 1, "longitude": 88.673039117506221, "latitude": 27.381571925511675 }, "geometry": { "type": "Point", "coordinates": [ 88.673039117506221, 27.381571925511675 ] } },
{ "type": "Feature", "properties": { "is_landslide": 1, "longitude": 88.143725038070102, "latitude": 27.305218913553094 }, "geometry": { "type": "Point", "coordinates": [ 88.143725038070102, 27.305218913553094 ] } },
{ "type": "Feature", "properties": { "is_landslide": 1, "longitude": 88.19423629457782, "latitude": 27.412740478597314 }, "geometry": { "type": "Point", "coordinates": [ 88.19423629457782, 27.412740478597314 ] } },
{ "type": "Feature", "properties": { "is_landslide": 1, "longitude": 88.172836919801199, "latitude": 27.43307108995926 }, "geometry": { "type": "Point", "coordinates": [ 88.172836919801199, 27.43307108995926 ] } },
{ "type": "Feature", "properties": { "is_landslide": 1, "longitude": 88.672653216010659, "latitude": 27.401796657027305 }, "geometry": { "type": "Point", "coordinates": [ 88.672653216010659, 27.401796657027305 ] } },
{ "type": "Feature", "properties": { "is_landslide": 1, "longitude": 88.68694751749814, "latitude": 27.41896680171525 }, "geometry": { "type": "Point", "coordinates": [ 88.68694751749814, 27.41896680171525 ] } },
{ "type": "Feature", "properties": { "is_landslide": 1, "longitude": 88.088531064415704, "latitude": 27.457105720654038 }, "geometry": { "type": "Point", "coordinates": [ 88.088531064415704, 27.457105720654038 ] } },
{ "type": "Feature", "properties": { "is_landslide": 1, "longitude": 88.074136026883721, "latitude": 27.468942726006482 }, "geometry": { "type": "Point", "coordinates": [ 88.074136026883721, 27.468942726006482 ] } },
{ "type": "Feature", "properties": { "is_landslide": 1, "longitude": 88.192571610936682, "latitude": 27.414531125815873 }, "geometry": { "type": "Point", "coordinates": [ 88.192571610936682, 27.414531125815873 ] } },
{ "type": "Feature", "properties": { "is_landslide": 1, "longitude": 88.191015561874721, "latitude": 27.416847164685052 }, "geometry": { "type": "Point", "coordinates": [ 88.191015561874721, 27.416847164685052 ] } },
{ "type": "Feature", "properties": { "is_landslide": 1, "longitude": 88.26745646660035, "latitude": 27.441082487220051 }, "geometry": { "type": "Point", "coordinates": [ 88.26745646660035, 27.441082487220051 ] } },
{ "type": "Feature", "properties": { "is_landslide": 1, "longitude": 88.138054265209632, "latitude": 27.24094944279274 }, "geometry": { "type": "Point", "coordinates": [ 88.138054265209632, 27.24094944279274 ] } },
{ "type": "Feature", "properties": { "is_landslide": 1, "longitude": 88.152631170015212, "latitude": 27.265777589982058 }, "geometry": { "type": "Point", "coordinates": [ 88.152631170015212, 27.265777589982058 ] } },
{ "type": "Feature", "properties": { "is_landslide": 1, "longitude": 88.153364342843716, "latitude": 27.268855726435074 }, "geometry": { "type": "Point", "coordinates": [ 88.153364342843716, 27.268855726435074 ] } },
{ "type": "Feature", "properties": { "is_landslide": 1, "longitude": 88.152529133351237, "latitude": 27.268850274523381 }, "geometry": { "type": "Point", "coordinates": [ 88.152529133351237, 27.268850274523381 ] } },
{ "type": "Feature", "properties": { "is_landslide": 1, "longitude": 88.157621323840175, "latitude": 27.267419203350812 }, "geometry": { "type": "Point", "coordinates": [ 88.157621323840175, 27.267419203350812 ] } },
{ "type": "Feature", "properties": { "is_landslide": 1, "longitude": 88.187203399467094, "latitude": 27.318399850420548 }, "geometry": { "type": "Point", "coordinates": [ 88.187203399467094, 27.318399850420548 ] } },
{ "type": "Feature", "properties": { "is_landslide": 1, "longitude": 88.143976416132389, "latitude": 27.164544750635411 }, "geometry": { "type": "Point", "coordinates": [ 88.143976416132389, 27.164544750635411 ] } },
{ "type": "Feature", "properties": { "is_landslide": 1, "longitude": 88.836113214568456, "latitude": 27.258400926379533 }, "geometry": { "type": "Point", "coordinates": [ 88.836113214568456, 27.258400926379533 ] } },
{ "type": "Feature", "properties": { "is_landslide": 1, "longitude": 88.838500645263778, "latitude": 27.248291972722733 }, "geometry": { "type": "Point", "coordinates": [ 88.838500645263778, 27.248291972722733 ] } },
{ "type": "Feature", "properties": { "is_landslide": 1, "longitude": 88.842868074679402, "latitude": 27.25799013958304 }, "geometry": { "type": "Point", "coordinates": [ 88.842868074679402, 27.25799013958304 ] } },
{ "type": "Feature", "properties": { "is_landslide": 1, "longitude": 88.817122671681688, "latitude": 27.197102833765207 }, "geometry": { "type": "Point", "coordinates": [ 88.817122671681688, 27.197102833765207 ] } },
{ "type": "Feature", "properties": { "is_landslide": 1, "longitude": 88.330710055617473, "latitude": 27.144410985946582 }, "geometry": { "type": "Point", "coordinates": [ 88.330710055617473, 27.144410985946582 ] } },
{ "type": "Feature", "properties": { "is_landslide": 1, "longitude": 88.335803788023256, "latitude": 27.146991686919879 }, "geometry": { "type": "Point", "coordinates": [ 88.335803788023256, 27.146991686919879 ] } },
{ "type": "Feature", "properties": { "is_landslide": 1, "longitude": 88.319748256673776, "latitude": 27.185595058437535 }, "geometry": { "type": "Point", "coordinates": [ 88.319748256673776, 27.185595058437535 ] } },
{ "type": "Feature", "properties": { "is_landslide": 1, "longitude": 88.303724056987548, "latitude": 27.182251239782644 }, "geometry": { "type": "Point", "coordinates": [ 88.303724056987548, 27.182251239782644 ] } },
{ "type": "Feature", "properties": { "is_landslide": 1, "longitude": 88.349595352830747, "latitude": 27.222965048953061 }, "geometry": { "type": "Point", "coordinates": [ 88.349595352830747, 27.222965048953061 ] } },
{ "type": "Feature", "properties": { "is_landslide": 1, "longitude": 88.286073924791097, "latitude": 27.244527217640083 }, "geometry": { "type": "Point", "coordinates": [ 88.286073924791097, 27.244527217640083 ] } },
{ "type": "Feature", "properties": { "is_landslide": 1, "longitude": 88.287958295423422, "latitude": 27.243961826273079 }, "geometry": { "type": "Point", "coordinates": [ 88.287958295423422, 27.243961826273079 ] } },
{ "type": "Feature", "properties": { "is_landslide": 1, "longitude": 88.285791262263004, "latitude": 27.275727241130927 }, "geometry": { "type": "Point", "coordinates": [ 88.285791262263004, 27.275727241130927 ] } },
{ "type": "Feature", "properties": { "is_landslide": 1, "longitude": 88.283985922865199, "latitude": 27.274358057430906 }, "geometry": { "type": "Point", "coordinates": [ 88.283985922865199, 27.274358057430906 ] } },
{ "type": "Feature", "properties": { "is_landslide": 1, "longitude": 88.261712274521642, "latitude": 27.184843987508025 }, "geometry": { "type": "Point", "coordinates": [ 88.261712274521642, 27.184843987508025 ] } },
{ "type": "Feature", "properties": { "is_landslide": 1, "longitude": 88.259865745826517, "latitude": 27.170817533242971 }, "geometry": { "type": "Point", "coordinates": [ 88.259865745826517, 27.170817533242971 ] } },
{ "type": "Feature", "properties": { "is_landslide": 1, "longitude": 88.26860560506374, "latitude": 27.169603584234409 }, "geometry": { "type": "Point", "coordinates": [ 88.26860560506374, 27.169603584234409 ] } },
{ "type": "Feature", "properties": { "is_landslide": 1, "longitude": 88.279581844881861, "latitude": 27.174250057920961 }, "geometry": { "type": "Point", "coordinates": [ 88.279581844881861, 27.174250057920961 ] } },
{ "type": "Feature", "properties": { "is_landslide": 1, "longitude": 88.269106683840832, "latitude": 27.180226752422584 }, "geometry": { "type": "Point", "coordinates": [ 88.269106683840832, 27.180226752422584 ] } },
{ "type": "Feature", "properties": { "is_landslide": 1, "longitude": 88.251912712245002, "latitude": 27.132990958294997 }, "geometry": { "type": "Point", "coordinates": [ 88.251912712245002, 27.132990958294997 ] } },
{ "type": "Feature", "properties": { "is_landslide": 1, "longitude": 88.261957753777395, "latitude": 27.130202318988349 }, "geometry": { "type": "Point", "coordinates": [ 88.261957753777395, 27.130202318988349 ] } },
{ "type": "Feature", "properties": { "is_landslide": 1, "longitude": 88.244192408894378, "latitude": 27.129660320735869 }, "geometry": { "type": "Point", "coordinates": [ 88.244192408894378, 27.129660320735869 ] } },
{ "type": "Feature", "properties": { "is_landslide": 1, "longitude": 88.371232620663406, "latitude": 27.214834240389351 }, "geometry": { "type": "Point", "coordinates": [ 88.371232620663406, 27.214834240389351 ] } },
{ "type": "Feature", "properties": { "is_landslide": 1, "longitude": 88.546243542219997, "latitude": 27.284096228609343 }, "geometry": { "type": "Point", "coordinates": [ 88.546243542219997, 27.284096228609343 ] } },
{ "type": "Feature", "properties": { "is_landslide": 1, "longitude": 88.623928557877662, "latitude": 27.32895212491092 }, "geometry": { "type": "Point", "coordinates": [ 88.623928557877662, 27.32895212491092 ] } },
{ "type": "Feature", "properties": { "is_landslide": 1, "longitude": 88.623103149458231, "latitude": 27.331566814264999 }, "geometry": { "type": "Point", "coordinates": [ 88.623103149458231, 27.331566814264999 ] } },
{ "type": "Feature", "properties": { "is_landslide": 1, "longitude": 88.657774438480672, "latitude": 27.31373614486758 }, "geometry": { "type": "Point", "coordinates": [ 88.657774438480672, 27.31373614486758 ] } },
{ "type": "Feature", "properties": { "is_landslide": 1, "longitude": 88.667068621200102, "latitude": 27.265711124790677 }, "geometry": { "type": "Point", "coordinates": [ 88.667068621200102, 27.265711124790677 ] } },
{ "type": "Feature", "properties": { "is_landslide": 1, "longitude": 88.635405867818221, "latitude": 27.392236585064264 }, "geometry": { "type": "Point", "coordinates": [ 88.635405867818221, 27.392236585064264 ] } },
{ "type": "Feature", "properties": { "is_landslide": 1, "longitude": 88.549447627781021, "latitude": 27.366846480085055 }, "geometry": { "type": "Point", "coordinates": [ 88.549447627781021, 27.366846480085055 ] } },
{ "type": "Feature", "properties": { "is_landslide": 1, "longitude": 88.543680776294821, "latitude": 27.374623893160113 }, "geometry": { "type": "Point", "coordinates": [ 88.543680776294821, 27.374623893160113 ] } },
{ "type": "Feature", "properties": { "is_landslide": 1, "longitude": 88.228447941032883, "latitude": 27.296619084804416 }, "geometry": { "type": "Point", "coordinates": [ 88.228447941032883, 27.296619084804416 ] } },
{ "type": "Feature", "properties": { "is_landslide": 1, "longitude": 88.225666707358911, "latitude": 27.247111045987999 }, "geometry": { "type": "Point", "coordinates": [ 88.225666707358911, 27.247111045987999 ] } },
{ "type": "Feature", "properties": { "is_landslide": 0, "longitude": 88.331137362852317, "latitude": 27.295743491673459 }, "geometry": { "type": "Point", "coordinates": [ 88.331137362852317, 27.295743491673459 ] } },
{ "type": "Feature", "properties": { "is_landslide": 0, "longitude": 88.811269499564588, "latitude": 27.36997477241189 }, "geometry": { "type": "Point", "coordinates": [ 88.811269499564588, 27.36997477241189 ] } },
{ "type": "Feature", "properties": { "is_landslide": 0, "longitude": 88.234402904979618, "latitude": 27.229194960243206 }, "geometry": { "type": "Point", "coordinates": [ 88.234402904979618, 27.229194960243206 ] } },
{ "type": "Feature", "properties": { "is_landslide": 0, "longitude": 88.803523968055956, "latitude": 27.416963424696942 }, "geometry": { "type": "Point", "coordinates": [ 88.803523968055956, 27.416963424696942 ] } },
{ "type": "Feature", "properties": { "is_landslide": 0, "longitude": 88.640998658875503, "latitude": 27.312957990184074 }, "geometry": { "type": "Point", "coordinates": [ 88.640998658875503, 27.312957990184074 ] } },
{ "type": "Feature", "properties": { "is_landslide": 0, "longitude": 88.248233430426026, "latitude": 27.353303357238769 }, "geometry": { "type": "Point", "coordinates": [ 88.248233430426026, 27.353303357238769 ] } },
{ "type": "Feature", "properties": { "is_landslide": 0, "longitude": 88.518463076574903, "latitude": 27.365922413363876 }, "geometry": { "type": "Point", "coordinates": [ 88.518463076574903, 27.365922413363876 ] } },
{ "type": "Feature", "properties": { "is_landslide": 0, "longitude": 88.101848901113243, "latitude": 27.340881777831939 }, "geometry": { "type": "Point", "coordinates": [ 88.101848901113243, 27.340881777831939 ] } },
{ "type": "Feature", "properties": { "is_landslide": 0, "longitude": 88.260748435298495, "latitude": 27.344831381322223 }, "geometry": { "type": "Point", "coordinates": [ 88.260748435298495, 27.344831381322223 ] } },
{ "type": "Feature", "properties": { "is_landslide": 0, "longitude": 88.278867671046541, "latitude": 27.33164038515384 }, "geometry": { "type": "Point", "coordinates": [ 88.278867671046541, 27.33164038515384 ] } },
{ "type": "Feature", "properties": { "is_landslide": 0, "longitude": 88.123283140162243, "latitude": 27.448924892327526 }, "geometry": { "type": "Point", "coordinates": [ 88.123283140162243, 27.448924892327526 ] } },
{ "type": "Feature", "properties": { "is_landslide": 0, "longitude": 88.688491592177357, "latitude": 27.322727726868447 }, "geometry": { "type": "Point", "coordinates": [ 88.688491592177357, 27.322727726868447 ] } },
{ "type": "Feature", "properties": { "is_landslide": 0, "longitude": 88.86329081408438, "latitude": 27.417313690767187 }, "geometry": { "type": "Point", "coordinates": [ 88.86329081408438, 27.417313690767187 ] } },
{ "type": "Feature", "properties": { "is_landslide": 0, "longitude": 88.867126001258598, "latitude": 27.278158426894855 }, "geometry": { "type": "Point", "coordinates": [ 88.867126001258598, 27.278158426894855 ] } },
{ "type": "Feature", "properties": { "is_landslide": 0, "longitude": 88.45883972295205, "latitude": 27.167968065640771 }, "geometry": { "type": "Point", "coordinates": [ 88.45883972295205, 27.167968065640771 ] } },
{ "type": "Feature", "properties": { "is_landslide": 0, "longitude": 88.181902905340749, "latitude": 27.490717356491121 }, "geometry": { "type": "Point", "coordinates": [ 88.181902905340749, 27.490717356491121 ] } },
{ "type": "Feature", "properties": { "is_landslide": 0, "longitude": 88.739119871567055, "latitude": 27.468151184230226 }, "geometry": { "type": "Point", "coordinates": [ 88.739119871567055, 27.468151184230226 ] } },
{ "type": "Feature", "properties": { "is_landslide": 0, "longitude": 88.417991839994528, "latitude": 27.309725576900433 }, "geometry": { "type": "Point", "coordinates": [ 88.417991839994528, 27.309725576900433 ] } },
{ "type": "Feature", "properties": { "is_landslide": 0, "longitude": 88.880961176646139, "latitude": 27.157830000287735 }, "geometry": { "type": "Point", "coordinates": [ 88.880961176646139, 27.157830000287735 ] } },
{ "type": "Feature", "properties": { "is_landslide": 0, "longitude": 88.69528449132676, "latitude": 27.458991134461343 }, "geometry": { "type": "Point", "coordinates": [ 88.69528449132676, 27.458991134461343 ] } },
{ "type": "Feature", "properties": { "is_landslide": 0, "longitude": 88.616522816583156, "latitude": 27.205681499985761 }, "geometry": { "type": "Point", "coordinates": [ 88.616522816583156, 27.205681499985761 ] } },
{ "type": "Feature", "properties": { "is_landslide": 0, "longitude": 88.101785341048, "latitude": 27.321809796679769 }, "geometry": { "type": "Point", "coordinates": [ 88.101785341048, 27.321809796679769 ] } },
{ "type": "Feature", "properties": { "is_landslide": 0, "longitude": 88.856098592146054, "latitude": 27.149195123222086 }, "geometry": { "type": "Point", "coordinates": [ 88.856098592146054, 27.149195123222086 ] } },
{ "type": "Feature", "properties": { "is_landslide": 0, "longitude": 88.679890367048046, "latitude": 27.240971434809165 }, "geometry": { "type": "Point", "coordinates": [ 88.679890367048046, 27.240971434809165 ] } },
{ "type": "Feature", "properties": { "is_landslide": 0, "longitude": 88.090277502959268, "latitude": 27.487752306252826 }, "geometry": { "type": "Point", "coordinates": [ 88.090277502959268, 27.487752306252826 ] } },
{ "type": "Feature", "properties": { "is_landslide": 0, "longitude": 88.623982086859513, "latitude": 27.349743285632631 }, "geometry": { "type": "Point", "coordinates": [ 88.623982086859513, 27.349743285632631 ] } },
{ "type": "Feature", "properties": { "is_landslide": 0, "longitude": 88.881659370480122, "latitude": 27.508538717348493 }, "geometry": { "type": "Point", "coordinates": [ 88.881659370480122, 27.508538717348493 ] } },
{ "type": "Feature", "properties": { "is_landslide": 0, "longitude": 88.76416971472284, "latitude": 27.200436818468305 }, "geometry": { "type": "Point", "coordinates": [ 88.76416971472284, 27.200436818468305 ] } },
{ "type": "Feature", "properties": { "is_landslide": 0, "longitude": 88.167277385432556, "latitude": 27.204548167391181 }, "geometry": { "type": "Point", "coordinates": [ 88.167277385432556, 27.204548167391181 ] } },
{ "type": "Feature", "properties": { "is_landslide": 0, "longitude": 88.722998135300685, "latitude": 27.242655810081061 }, "geometry": { "type": "Point", "coordinates": [ 88.722998135300685, 27.242655810081061 ] } },
{ "type": "Feature", "properties": { "is_landslide": 0, "longitude": 88.805693611524731, "latitude": 27.365032271764914 }, "geometry": { "type": "Point", "coordinates": [ 88.805693611524731, 27.365032271764914 ] } },
{ "type": "Feature", "properties": { "is_landslide": 0, "longitude": 88.307621614056075, "latitude": 27.418226730283919 }, "geometry": { "type": "Point", "coordinates": [ 88.307621614056075, 27.418226730283919 ] } },
{ "type": "Feature", "properties": { "is_landslide": 0, "longitude": 88.432746567165708, "latitude": 27.260123271422806 }, "geometry": { "type": "Point", "coordinates": [ 88.432746567165708, 27.260123271422806 ] } },
{ "type": "Feature", "properties": { "is_landslide": 0, "longitude": 88.689508400490993, "latitude": 27.266304290908558 }, "geometry": { "type": "Point", "coordinates": [ 88.689508400490993, 27.266304290908558 ] } },
{ "type": "Feature", "properties": { "is_landslide": 0, "longitude": 88.621625288600285, "latitude": 27.276771281773154 }, "geometry": { "type": "Point", "coordinates": [ 88.621625288600285, 27.276771281773154 ] } },
{ "type": "Feature", "properties": { "is_landslide": 0, "longitude": 88.425905214182009, "latitude": 27.31377703562141 }, "geometry": { "type": "Point", "coordinates": [ 88.425905214182009, 27.31377703562141 ] } },
{ "type": "Feature", "properties": { "is_landslide": 0, "longitude": 88.773155186643095, "latitude": 27.44393794665287 }, "geometry": { "type": "Point", "coordinates": [ 88.773155186643095, 27.44393794665287 ] } },
{ "type": "Feature", "properties": { "is_landslide": 0, "longitude": 88.783894687312568, "latitude": 27.302270879218252 }, "geometry": { "type": "Point", "coordinates": [ 88.783894687312568, 27.302270879218252 ] } },
{ "type": "Feature", "properties": { "is_landslide": 0, "longitude": 88.778359954018811, "latitude": 27.091033212140832 }, "geometry": { "type": "Point", "coordinates": [ 88.778359954018811, 27.091033212140832 ] } },
{ "type": "Feature", "properties": { "is_landslide": 0, "longitude": 88.631667978584886, "latitude": 27.258740407983513 }, "geometry": { "type": "Point", "coordinates": [ 88.631667978584886, 27.258740407983513 ] } },
{ "type": "Feature", "properties": { "is_landslide": 0, "longitude": 88.432837866865242, "latitude": 27.512959300701159 }, "geometry": { "type": "Point", "coordinates": [ 88.432837866865242, 27.512959300701159 ] } },
{ "type": "Feature", "properties": { "is_landslide": 0, "longitude": 88.572479489106982, "latitude": 27.517207439001272 }, "geometry": { "type": "Point", "coordinates": [ 88.572479489106982, 27.517207439001272 ] } },
{ "type": "Feature", "properties": { "is_landslide": 0, "longitude": 88.078331209737669, "latitude": 27.422000719004149 }, "geometry": { "type": "Point", "coordinates": [ 88.078331209737669, 27.422000719004149 ] } },
{ "type": "Feature", "properties": { "is_landslide": 0, "longitude": 88.444759680430494, "latitude": 27.23095776972205 }, "geometry": { "type": "Point", "coordinates": [ 88.444759680430494, 27.23095776972205 ] } },
{ "type": "Feature", "properties": { "is_landslide": 0, "longitude": 88.214112025759789, "latitude": 27.229584852326667 }, "geometry": { "type": "Point", "coordinates": [ 88.214112025759789, 27.229584852326667 ] } },
{ "type": "Feature", "properties": { "is_landslide": 0, "longitude": 88.475870730820731, "latitude": 27.482944047933945 }, "geometry": { "type": "Point", "coordinates": [ 88.475870730820731, 27.482944047933945 ] } },
{ "type": "Feature", "properties": { "is_landslide": 0, "longitude": 88.744419213481663, "latitude": 27.397753477043423 }, "geometry": { "type": "Point", "coordinates": [ 88.744419213481663, 27.397753477043423 ] } },
{ "type": "Feature", "properties": { "is_landslide": 0, "longitude": 88.58070083890793, "latitude": 27.246364828904866 }, "geometry": { "type": "Point", "coordinates": [ 88.58070083890793, 27.246364828904866 ] } },
{ "type": "Feature", "properties": { "is_landslide": 0, "longitude": 88.221536815418773, "latitude": 27.324693880411601 }, "geometry": { "type": "Point", "coordinates": [ 88.221536815418773, 27.324693880411601 ] } },
{ "type": "Feature", "properties": { "is_landslide": 0, "longitude": 88.152690555870606, "latitude": 27.091053725349962 }, "geometry": { "type": "Point", "coordinates": [ 88.152690555870606, 27.091053725349962 ] } },
{ "type": "Feature", "properties": { "is_landslide": 0, "longitude": 88.306983980948729, "latitude": 27.519884761629953 }, "geometry": { "type": "Point", "coordinates": [ 88.306983980948729, 27.519884761629953 ] } },
{ "type": "Feature", "properties": { "is_landslide": 0, "longitude": 88.295101684601377, "latitude": 27.256355999504819 }, "geometry": { "type": "Point", "coordinates": [ 88.295101684601377, 27.256355999504819 ] } },
{ "type": "Feature", "properties": { "is_landslide": 0, "longitude": 88.467993907329443, "latitude": 27.316340679928821 }, "geometry": { "type": "Point", "coordinates": [ 88.467993907329443, 27.316340679928821 ] } },
{ "type": "Feature", "properties": { "is_landslide": 0, "longitude": 88.241839542970965, "latitude": 27.330091237802041 }, "geometry": { "type": "Point", "coordinates": [ 88.241839542970965, 27.330091237802041 ] } },
{ "type": "Feature", "properties": { "is_landslide": 0, "longitude": 88.401943838077045, "latitude": 27.235001392853768 }, "geometry": { "type": "Point", "coordinates": [ 88.401943838077045, 27.235001392853768 ] } },
{ "type": "Feature", "properties": { "is_landslide": 0, "longitude": 88.626538303614581, "latitude": 27.219541489697402 }, "geometry": { "type": "Point", "coordinates": [ 88.626538303614581, 27.219541489697402 ] } },
{ "type": "Feature", "properties": { "is_landslide": 0, "longitude": 88.837061746908347, "latitude": 27.32163003655587 }, "geometry": { "type": "Point", "coordinates": [ 88.837061746908347, 27.32163003655587 ] } },
{ "type": "Feature", "properties": { "is_landslide": 0, "longitude": 88.799453940384709, "latitude": 27.223427321030524 }, "geometry": { "type": "Point", "coordinates": [ 88.799453940384709, 27.223427321030524 ] } },
{ "type": "Feature", "properties": { "is_landslide": 0, "longitude": 88.130949640203653, "latitude": 27.451408378399513 }, "geometry": { "type": "Point", "coordinates": [ 88.130949640203653, 27.451408378399513 ] } },
{ "type": "Feature", "properties": { "is_landslide": 0, "longitude": 88.1113856349278, "latitude": 27.121394245154843 }, "geometry": { "type": "Point", "coordinates": [ 88.1113856349278, 27.121394245154843 ] } },
{ "type": "Feature", "properties": { "is_landslide": 0, "longitude": 88.760865980375655, "latitude": 27.20279459041225 }, "geometry": { "type": "Point", "coordinates": [ 88.760865980375655, 27.20279459041225 ] } },
{ "type": "Feature", "properties": { "is_landslide": 0, "longitude": 88.737354803910634, "latitude": 27.12929425064765 }, "geometry": { "type": "Point", "coordinates": [ 88.737354803910634, 27.12929425064765 ] } },
{ "type": "Feature", "properties": { "is_landslide": 0, "longitude": 88.526323081753617, "latitude": 27.392607244770744 }, "geometry": { "type": "Point", "coordinates": [ 88.526323081753617, 27.392607244770744 ] } },
{ "type": "Feature", "properties": { "is_landslide": 0, "longitude": 88.402844774778345, "latitude": 27.210596575163283 }, "geometry": { "type": "Point", "coordinates": [ 88.402844774778345, 27.210596575163283 ] } },
{ "type": "Feature", "properties": { "is_landslide": 0, "longitude": 88.827821370684788, "latitude": 27.087415976774604 }, "geometry": { "type": "Point", "coordinates": [ 88.827821370684788, 27.087415976774604 ] } },
{ "type": "Feature", "properties": { "is_landslide": 0, "longitude": 88.149673127421025, "latitude": 27.420679231867975 }, "geometry": { "type": "Point", "coordinates": [ 88.149673127421025, 27.420679231867975 ] } },
{ "type": "Feature", "properties": { "is_landslide": 0, "longitude": 88.834309804112337, "latitude": 27.41748715335001 }, "geometry": { "type": "Point", "coordinates": [ 88.834309804112337, 27.41748715335001 ] } },
{ "type": "Feature", "properties": { "is_landslide": 0, "longitude": 88.868309601572065, "latitude": 27.135500262367671 }, "geometry": { "type": "Point", "coordinates": [ 88.868309601572065, 27.135500262367671 ] } },
{ "type": "Feature", "properties": { "is_landslide": 0, "longitude": 88.38956578673492, "latitude": 27.276859611216537 }, "geometry": { "type": "Point", "coordinates": [ 88.38956578673492, 27.276859611216537 ] } },
{ "type": "Feature", "properties": { "is_landslide": 0, "longitude": 88.148032958456568, "latitude": 27.327748374453744 }, "geometry": { "type": "Point", "coordinates": [ 88.148032958456568, 27.327748374453744 ] } },
{ "type": "Feature", "properties": { "is_landslide": 0, "longitude": 88.826652109317308, "latitude": 27.536328854407174 }, "geometry": { "type": "Point", "coordinates": [ 88.826652109317308, 27.536328854407174 ] } },
{ "type": "Feature", "properties": { "is_landslide": 0, "longitude": 88.07643596090071, "latitude": 27.095695269441183 }, "geometry": { "type": "Point", "coordinates": [ 88.07643596090071, 27.095695269441183 ] } },
{ "type": "Feature", "properties": { "is_landslide": 0, "longitude": 88.194470688868975, "latitude": 27.470724109600123 }, "geometry": { "type": "Point", "coordinates": [ 88.194470688868975, 27.470724109600123 ] } },
{ "type": "Feature", "properties": { "is_landslide": 0, "longitude": 88.190508591692918, "latitude": 27.461911775662227 }, "geometry": { "type": "Point", "coordinates": [ 88.190508591692918, 27.461911775662227 ] } },
{ "type": "Feature", "properties": { "is_landslide": 0, "longitude": 88.416100354870736, "latitude": 27.195682224259293 }, "geometry": { "type": "Point", "coordinates": [ 88.416100354870736, 27.195682224259293 ] } },
{ "type": "Feature", "properties": { "is_landslide": 0, "longitude": 88.255932755730484, "latitude": 27.176864137860022 }, "geometry": { "type": "Point", "coordinates": [ 88.255932755730484, 27.176864137860022 ] } },
{ "type": "Feature", "properties": { "is_landslide": 0, "longitude": 88.579682397800738, "latitude": 27.51976860190517 }, "geometry": { "type": "Point", "coordinates": [ 88.579682397800738, 27.51976860190517 ] } },
{ "type": "Feature", "properties": { "is_landslide": 0, "longitude": 88.864319427909095, "latitude": 27.277504547168409 }, "geometry": { "type": "Point", "coordinates": [ 88.864319427909095, 27.277504547168409 ] } },
{ "type": "Feature", "properties": { "is_landslide": 0, "longitude": 88.34785847642415, "latitude": 27.098854078714158 }, "geometry": { "type": "Point", "coordinates": [ 88.34785847642415, 27.098854078714158 ] } },
{ "type": "Feature", "properties": { "is_landslide": 0, "longitude": 88.105323693158937, "latitude": 27.326645981805839 }, "geometry": { "type": "Point", "coordinates": [ 88.105323693158937, 27.326645981805839 ] } },
{ "type": "Feature", "properties": { "is_landslide": 0, "longitude": 88.227977629132099, "latitude": 27.354366996831224 }, "geometry": { "type": "Point", "coordinates": [ 88.227977629132099, 27.354366996831224 ] } },
{ "type": "Feature", "properties": { "is_landslide": 0, "longitude": 88.306495846663267, "latitude": 27.480516542340329 }, "geometry": { "type": "Point", "coordinates": [ 88.306495846663267, 27.480516542340329 ] } },
{ "type": "Feature", "properties": { "is_landslide": 0, "longitude": 88.258190345688163, "latitude": 27.18768495259539 }, "geometry": { "type": "Point", "coordinates": [ 88.258190345688163, 27.18768495259539 ] } },
{ "type": "Feature", "properties": { "is_landslide": 0, "longitude": 88.328533549512727, "latitude": 27.388600078956603 }, "geometry": { "type": "Point", "coordinates": [ 88.328533549512727, 27.388600078956603 ] } },
{ "type": "Feature", "properties": { "is_landslide": 0, "longitude": 88.280754134133048, "latitude": 27.36286431400173 }, "geometry": { "type": "Point", "coordinates": [ 88.280754134133048, 27.36286431400173 ] } },
{ "type": "Feature", "properties": { "is_landslide": 0, "longitude": 88.686643698860607, "latitude": 27.420122797630533 }, "geometry": { "type": "Point", "coordinates": [ 88.686643698860607, 27.420122797630533 ] } },
{ "type": "Feature", "properties": { "is_landslide": 0, "longitude": 88.876027410064438, "latitude": 27.086774682170113 }, "geometry": { "type": "Point", "coordinates": [ 88.876027410064438, 27.086774682170113 ] } },
{ "type": "Feature", "properties": { "is_landslide": 0, "longitude": 88.656062869309807, "latitude": 27.300024568673656 }, "geometry": { "type": "Point", "coordinates": [ 88.656062869309807, 27.300024568673656 ] } },
{ "type": "Feature", "properties": { "is_landslide": 0, "longitude": 88.114246041696035, "latitude": 27.495311931311015 }, "geometry": { "type": "Point", "coordinates": [ 88.114246041696035, 27.495311931311015 ] } },
{ "type": "Feature", "properties": { "is_landslide": 0, "longitude": 88.429243405819975, "latitude": 27.478074869358437 }, "geometry": { "type": "Point", "coordinates": [ 88.429243405819975, 27.478074869358437 ] } },
{ "type": "Feature", "properties": { "is_landslide": 0, "longitude": 88.108071117900593, "latitude": 27.207669155969853 }, "geometry": { "type": "Point", "coordinates": [ 88.108071117900593, 27.207669155969853 ] } },
{ "type": "Feature", "properties": { "is_landslide": 0, "longitude": 88.472893992541145, "latitude": 27.197307518830076 }, "geometry": { "type": "Point", "coordinates": [ 88.472893992541145, 27.197307518830076 ] } },
{ "type": "Feature", "properties": { "is_landslide": 0, "longitude": 88.718148703571359, "latitude": 27.369914262391621 }, "geometry": { "type": "Point", "coordinates": [ 88.718148703571359, 27.369914262391621 ] } },
{ "type": "Feature", "properties": { "is_landslide": 0, "longitude": 88.619856881542574, "latitude": 27.109188992717886 }, "geometry": { "type": "Point", "coordinates": [ 88.619856881542574, 27.109188992717886 ] } },
{ "type": "Feature", "properties": { "is_landslide": 0, "longitude": 88.878252516098428, "latitude": 27.331305961502455 }, "geometry": { "type": "Point", "coordinates": [ 88.878252516098428, 27.331305961502455 ] } },
{ "type": "Feature", "properties": { "is_landslide": 0, "longitude": 88.460896268789469, "latitude": 27.231112435540254 }, "geometry": { "type": "Point", "coordinates": [ 88.460896268789469, 27.231112435540254 ] } },
{ "type": "Feature", "properties": { "is_landslide": 0, "longitude": 88.516491025561265, "latitude": 27.331585196786449 }, "geometry": { "type": "Point", "coordinates": [ 88.516491025561265, 27.331585196786449 ] } },
{ "type": "Feature", "properties": { "is_landslide": 0, "longitude": 88.600160285527707, "latitude": 27.46754487466486 }, "geometry": { "type": "Point", "coordinates": [ 88.600160285527707, 27.46754487466486 ] } },
{ "type": "Feature", "properties": { "is_landslide": 0, "longitude": 88.212573090336846, "latitude": 27.089890640521983 }, "geometry": { "type": "Point", "coordinates": [ 88.212573090336846, 27.089890640521983 ] } },
{ "type": "Feature", "properties": { "is_landslide": 0, "longitude": 88.845572223657115, "latitude": 27.136098728315471 }, "geometry": { "type": "Point", "coordinates": [ 88.845572223657115, 27.136098728315471 ] } },
{ "type": "Feature", "properties": { "is_landslide": 0, "longitude": 88.635237247565499, "latitude": 27.200099950821571 }, "geometry": { "type": "Point", "coordinates": [ 88.635237247565499, 27.200099950821571 ] } },
{ "type": "Feature", "properties": { "is_landslide": 0, "longitude": 88.332384976391054, "latitude": 27.229202611526926 }, "geometry": { "type": "Point", "coordinates": [ 88.332384976391054, 27.229202611526926 ] } },
{ "type": "Feature", "properties": { "is_landslide": 0, "longitude": 88.81092377487461, "latitude": 27.534507423252343 }, "geometry": { "type": "Point", "coordinates": [ 88.81092377487461, 27.534507423252343 ] } },
{ "type": "Feature", "properties": { "is_landslide": 0, "longitude": 88.340615111544082, "latitude": 27.225112820288679 }, "geometry": { "type": "Point", "coordinates": [ 88.340615111544082, 27.225112820288679 ] } },
{ "type": "Feature", "properties": { "is_landslide": 0, "longitude": 88.291025879209855, "latitude": 27.28357813718484 }, "geometry": { "type": "Point", "coordinates": [ 88.291025879209855, 27.28357813718484 ] } },
{ "type": "Feature", "properties": { "is_landslide": 0, "longitude": 88.117884008944657, "latitude": 27.467543306728231 }, "geometry": { "type": "Point", "coordinates": [ 88.117884008944657, 27.467543306728231 ] } },
{ "type": "Feature", "properties": { "is_landslide": 0, "longitude": 88.522669751617059, "latitude": 27.277888784803807 }, "geometry": { "type": "Point", "coordinates": [ 88.522669751617059, 27.277888784803807 ] } },
{ "type": "Feature", "properties": { "is_landslide": 0, "longitude": 88.878242181331871, "latitude": 27.192165038504701 }, "geometry": { "type": "Point", "coordinates": [ 88.878242181331871, 27.192165038504701 ] } },
{ "type": "Feature", "properties": { "is_landslide": 0, "longitude": 88.085187193546915, "latitude": 27.090782216645433 }, "geometry": { "type": "Point", "coordinates": [ 88.085187193546915, 27.090782216645433 ] } },
{ "type": "Feature", "properties": { "is_landslide": 0, "longitude": 88.102966971925269, "latitude": 27.272502161037817 }, "geometry": { "type": "Point", "coordinates": [ 88.102966971925269, 27.272502161037817 ] } },
{ "type": "Feature", "properties": { "is_landslide": 0, "longitude": 88.0868849842592, "latitude": 27.106336383791753 }, "geometry": { "type": "Point", "coordinates": [ 88.0868849842592, 27.106336383791753 ] } },
{ "type": "Feature", "properties": { "is_landslide": 0, "longitude": 88.793301275203902, "latitude": 27.093179731370533 }, "geometry": { "type": "Point", "coordinates": [ 88.793301275203902, 27.093179731370533 ] } },
{ "type": "Feature", "properties": { "is_landslide": 0, "longitude": 88.810291585845476, "latitude": 27.331842284955915 }, "geometry": { "type": "Point", "coordinates": [ 88.810291585845476, 27.331842284955915 ] } },
{ "type": "Feature", "properties": { "is_landslide": 0, "longitude": 88.159968297011233, "latitude": 27.528354709681167 }, "geometry": { "type": "Point", "coordinates": [ 88.159968297011233, 27.528354709681167 ] } },
{ "type": "Feature", "properties": { "is_landslide": 0, "longitude": 88.793866107560831, "latitude": 27.530042103398024 }, "geometry": { "type": "Point", "coordinates": [ 88.793866107560831, 27.530042103398024 ] } },
{ "type": "Feature", "properties": { "is_landslide": 0, "longitude": 88.805769944893569, "latitude": 27.188981343755565 }, "geometry": { "type": "Point", "coordinates": [ 88.805769944893569, 27.188981343755565 ] } },
{ "type": "Feature", "properties": { "is_landslide": 0, "longitude": 88.148013256687975, "latitude": 27.411578493723464 }, "geometry": { "type": "Point", "coordinates": [ 88.148013256687975, 27.411578493723464 ] } },
{ "type": "Feature", "properties": { "is_landslide": 0, "longitude": 88.420573821417378, "latitude": 27.237564173726668 }, "geometry": { "type": "Point", "coordinates": [ 88.420573821417378, 27.237564173726668 ] } },
{ "type": "Feature", "properties": { "is_landslide": 0, "longitude": 88.594217353285941, "latitude": 27.277514115681306 }, "geometry": { "type": "Point", "coordinates": [ 88.594217353285941, 27.277514115681306 ] } },
{ "type": "Feature", "properties": { "is_landslide": 0, "longitude": 88.079951774554075, "latitude": 27.143537844134581 }, "geometry": { "type": "Point", "coordinates": [ 88.079951774554075, 27.143537844134581 ] } },
{ "type": "Feature", "properties": { "is_landslide": 0, "longitude": 88.697619552209844, "latitude": 27.349468807175697 }, "geometry": { "type": "Point", "coordinates": [ 88.697619552209844, 27.349468807175697 ] } },
{ "type": "Feature", "properties": { "is_landslide": 0, "longitude": 88.449522251894265, "latitude": 27.321536481113931 }, "geometry": { "type": "Point", "coordinates": [ 88.449522251894265, 27.321536481113931 ] } },
{ "type": "Feature", "properties": { "is_landslide": 0, "longitude": 88.180680693471416, "latitude": 27.306323490857352 }, "geometry": { "type": "Point", "coordinates": [ 88.180680693471416, 27.306323490857352 ] } },
{ "type": "Feature", "properties": { "is_landslide": 0, "longitude": 88.279837061240826, "latitude": 27.108427841717418 }, "geometry": { "type": "Point", "coordinates": [ 88.279837061240826, 27.108427841717418 ] } },
{ "type": "Feature", "properties": { "is_landslide": 0, "longitude": 88.097983160599028, "latitude": 27.095402981983923 }, "geometry": { "type": "Point", "coordinates": [ 88.097983160599028, 27.095402981983923 ] } },
{ "type": "Feature", "properties": { "is_landslide": 0, "longitude": 88.300403997675645, "latitude": 27.11645474330987 }, "geometry": { "type": "Point", "coordinates": [ 88.300403997675645, 27.11645474330987 ] } },
{ "type": "Feature", "properties": { "is_landslide": 0, "longitude": 88.423114996669753, "latitude": 27.103876359585648 }, "geometry": { "type": "Point", "coordinates": [ 88.423114996669753, 27.103876359585648 ] } },
{ "type": "Feature", "properties": { "is_landslide": 0, "longitude": 88.21068360420864, "latitude": 27.221174635928538 }, "geometry": { "type": "Point", "coordinates": [ 88.21068360420864, 27.221174635928538 ] } },
{ "type": "Feature", "properties": { "is_landslide": 0, "longitude": 88.859858342783525, "latitude": 27.502607368785153 }, "geometry": { "type": "Point", "coordinates": [ 88.859858342783525, 27.502607368785153 ] } },
{ "type": "Feature", "properties": { "is_landslide": 0, "longitude": 88.732167385799286, "latitude": 27.381326038691839 }, "geometry": { "type": "Point", "coordinates": [ 88.732167385799286, 27.381326038691839 ] } },
{ "type": "Feature", "properties": { "is_landslide": 0, "longitude": 88.160379689288348, "latitude": 27.384047532607887 }, "geometry": { "type": "Point", "coordinates": [ 88.160379689288348, 27.384047532607887 ] } },
{ "type": "Feature", "properties": { "is_landslide": 0, "longitude": 88.531053647411937, "latitude": 27.251666051003731 }, "geometry": { "type": "Point", "coordinates": [ 88.531053647411937, 27.251666051003731 ] } },
{ "type": "Feature", "properties": { "is_landslide": 0, "longitude": 88.111513753787335, "latitude": 27.21122117032299 }, "geometry": { "type": "Point", "coordinates": [ 88.111513753787335, 27.21122117032299 ] } },
{ "type": "Feature", "properties": { "is_landslide": 0, "longitude": 88.667328336164204, "latitude": 27.368846994069273 }, "geometry": { "type": "Point", "coordinates": [ 88.667328336164204, 27.368846994069273 ] } },
{ "type": "Feature", "properties": { "is_landslide": 0, "longitude": 88.123731496004353, "latitude": 27.328105536533698 }, "geometry": { "type": "Point", "coordinates": [ 88.123731496004353, 27.328105536533698 ] } },
{ "type": "Feature", "properties": { "is_landslide": 0, "longitude": 88.702151094608041, "latitude": 27.441908476409743 }, "geometry": { "type": "Point", "coordinates": [ 88.702151094608041, 27.441908476409743 ] } },
{ "type": "Feature", "properties": { "is_landslide": 0, "longitude": 88.470980483930703, "latitude": 27.528419994444256 }, "geometry": { "type": "Point", "coordinates": [ 88.470980483930703, 27.528419994444256 ] } },
{ "type": "Feature", "properties": { "is_landslide": 0, "longitude": 88.66851603680152, "latitude": 27.274726296403227 }, "geometry": { "type": "Point", "coordinates": [ 88.66851603680152, 27.274726296403227 ] } },
{ "type": "Feature", "properties": { "is_landslide": 0, "longitude": 88.885747200022237, "latitude": 27.288683797749361 }, "geometry": { "type": "Point", "coordinates": [ 88.885747200022237, 27.288683797749361 ] } },
{ "type": "Feature", "properties": { "is_landslide": 0, "longitude": 88.398322929891776, "latitude": 27.533410571484037 }, "geometry": { "type": "Point", "coordinates": [ 88.398322929891776, 27.533410571484037 ] } },
{ "type": "Feature", "properties": { "is_landslide": 0, "longitude": 88.258036678676703, "latitude": 27.151523451168856 }, "geometry": { "type": "Point", "coordinates": [ 88.258036678676703, 27.151523451168856 ] } },
{ "type": "Feature", "properties": { "is_landslide": 0, "longitude": 88.683367824246034, "latitude": 27.146924494229232 }, "geometry": { "type": "Point", "coordinates": [ 88.683367824246034, 27.146924494229232 ] } },
{ "type": "Feature", "properties": { "is_landslide": 0, "longitude": 88.754324358239288, "latitude": 27.382991866347062 }, "geometry": { "type": "Point", "coordinates": [ 88.754324358239288, 27.382991866347062 ] } },
{ "type": "Feature", "properties": { "is_landslide": 0, "longitude": 88.301845080745181, "latitude": 27.478840328091618 }, "geometry": { "type": "Point", "coordinates": [ 88.301845080745181, 27.478840328091618 ] } },
{ "type": "Feature", "properties": { "is_landslide": 0, "longitude": 88.482928665308265, "latitude": 27.533134947454034 }, "geometry": { "type": "Point", "coordinates": [ 88.482928665308265, 27.533134947454034 ] } },
{ "type": "Feature", "properties": { "is_landslide": 0, "longitude": 88.434669660067698, "latitude": 27.190055546716767 }, "geometry": { "type": "Point", "coordinates": [ 88.434669660067698, 27.190055546716767 ] } },
{ "type": "Feature", "properties": { "is_landslide": 0, "longitude": 88.53077848677853, "latitude": 27.447904780058629 }, "geometry": { "type": "Point", "coordinates": [ 88.53077848677853, 27.447904780058629 ] } },
{ "type": "Feature", "properties": { "is_landslide": 0, "longitude": 88.575128580924925, "latitude": 27.202075534215531 }, "geometry": { "type": "Point", "coordinates": [ 88.575128580924925, 27.202075534215531 ] } },
{ "type": "Feature", "properties": { "is_landslide": 0, "longitude": 88.197115712132074, "latitude": 27.406808793753971 }, "geometry": { "type": "Point", "coordinates": [ 88.197115712132074, 27.406808793753971 ] } },
{ "type": "Feature", "properties": { "is_landslide": 0, "longitude": 88.09463464895137, "latitude": 27.199849425894513 }, "geometry": { "type": "Point", "coordinates": [ 88.09463464895137, 27.199849425894513 ] } },
{ "type": "Feature", "properties": { "is_landslide": 0, "longitude": 88.106979729836993, "latitude": 27.419586783269548 }, "geometry": { "type": "Point", "coordinates": [ 88.106979729836993, 27.419586783269548 ] } },
{ "type": "Feature", "properties": { "is_landslide": 0, "longitude": 88.813712058770378, "latitude": 27.492605756703188 }, "geometry": { "type": "Point", "coordinates": [ 88.813712058770378, 27.492605756703188 ] } },
{ "type": "Feature", "properties": { "is_landslide": 0, "longitude": 88.668030554320836, "latitude": 27.531474584334291 }, "geometry": { "type": "Point", "coordinates": [ 88.668030554320836, 27.531474584334291 ] } },
{ "type": "Feature", "properties": { "is_landslide": 0, "longitude": 88.281213394196044, "latitude": 27.347662917419132 }, "geometry": { "type": "Point", "coordinates": [ 88.281213394196044, 27.347662917419132 ] } },
{ "type": "Feature", "properties": { "is_landslide": 0, "longitude": 88.459488443763732, "latitude": 27.272448495989433 }, "geometry": { "type": "Point", "coordinates": [ 88.459488443763732, 27.272448495989433 ] } },
{ "type": "Feature", "properties": { "is_landslide": 0, "longitude": 88.296172985513124, "latitude": 27.20878425260333 }, "geometry": { "type": "Point", "coordinates": [ 88.296172985513124, 27.20878425260333 ] } },
{ "type": "Feature", "properties": { "is_landslide": 0, "longitude": 88.535627235361076, "latitude": 27.282184365884561 }, "geometry": { "type": "Point", "coordinates": [ 88.535627235361076, 27.282184365884561 ] } },
{ "type": "Feature", "properties": { "is_landslide": 0, "longitude": 88.875641634086691, "latitude": 27.130119691309474 }, "geometry": { "type": "Point", "coordinates": [ 88.875641634086691, 27.130119691309474 ] } },
{ "type": "Feature", "properties": { "is_landslide": 0, "longitude": 88.832195530510262, "latitude": 27.092645445999466 }, "geometry": { "type": "Point", "coordinates": [ 88.832195530510262, 27.092645445999466 ] } },
{ "type": "Feature", "properties": { "is_landslide": 0, "longitude": 88.484153353573348, "latitude": 27.371402499175403 }, "geometry": { "type": "Point", "coordinates": [ 88.484153353573348, 27.371402499175403 ] } },
{ "type": "Feature", "properties": { "is_landslide": 0, "longitude": 88.204589896357945, "latitude": 27.313945639969827 }, "geometry": { "type": "Point", "coordinates": [ 88.204589896357945, 27.313945639969827 ] } },
{ "type": "Feature", "properties": { "is_landslide": 0, "longitude": 88.124262586055281, "latitude": 27.273735452641361 }, "geometry": { "type": "Point", "coordinates": [ 88.124262586055281, 27.273735452641361 ] } },
{ "type": "Feature", "properties": { "is_landslide": 0, "longitude": 88.815674259142966, "latitude": 27.434195291783659 }, "geometry": { "type": "Point", "coordinates": [ 88.815674259142966, 27.434195291783659 ] } },
{ "type": "Feature", "properties": { "is_landslide": 0, "longitude": 88.706529178962882, "latitude": 27.236755726038563 }, "geometry": { "type": "Point", "coordinates": [ 88.706529178962882, 27.236755726038563 ] } },
{ "type": "Feature", "properties": { "is_landslide": 0, "longitude": 88.572940119114762, "latitude": 27.337691290141557 }, "geometry": { "type": "Point", "coordinates": [ 88.572940119114762, 27.337691290141557 ] } },
{ "type": "Feature", "properties": { "is_landslide": 0, "longitude": 88.451395774372514, "latitude": 27.135961389322805 }, "geometry": { "type": "Point", "coordinates": [ 88.451395774372514, 27.135961389322805 ] } },
{ "type": "Feature", "properties": { "is_landslide": 0, "longitude": 88.320578276017542, "latitude": 27.120054288746577 }, "geometry": { "type": "Point", "coordinates": [ 88.320578276017542, 27.120054288746577 ] } },
{ "type": "Feature", "properties": { "is_landslide": 0, "longitude": 88.396385115057285, "latitude": 27.450336965959966 }, "geometry": { "type": "Point", "coordinates": [ 88.396385115057285, 27.450336965959966 ] } },
{ "type": "Feature", "properties": { "is_landslide": 0, "longitude": 88.672412042712281, "latitude": 27.36536528726592 }, "geometry": { "type": "Point", "coordinates": [ 88.672412042712281, 27.36536528726592 ] } },
{ "type": "Feature", "properties": { "is_landslide": 0, "longitude": 88.475890142964062, "latitude": 27.314629826494258 }, "geometry": { "type": "Point", "coordinates": [ 88.475890142964062, 27.314629826494258 ] } },
{ "type": "Feature", "properties": { "is_landslide": 0, "longitude": 88.445518061964933, "latitude": 27.190161022279881 }, "geometry": { "type": "Point", "coordinates": [ 88.445518061964933, 27.190161022279881 ] } },
{ "type": "Feature", "properties": { "is_landslide": 0, "longitude": 88.7345716876886, "latitude": 27.144541465436571 }, "geometry": { "type": "Point", "coordinates": [ 88.7345716876886, 27.144541465436571 ] } },
{ "type": "Feature", "properties": { "is_landslide": 0, "longitude": 88.774307542673839, "latitude": 27.189470322563864 }, "geometry": { "type": "Point", "coordinates": [ 88.774307542673839, 27.189470322563864 ] } },
{ "type": "Feature", "properties": { "is_landslide": 0, "longitude": 88.460824806426402, "latitude": 27.110144273512894 }, "geometry": { "type": "Point", "coordinates": [ 88.460824806426402, 27.110144273512894 ] } },
{ "type": "Feature", "properties": { "is_landslide": 0, "longitude": 88.78199464939037, "latitude": 27.515477104287687 }, "geometry": { "type": "Point", "coordinates": [ 88.78199464939037, 27.515477104287687 ] } },
{ "type": "Feature", "properties": { "is_landslide": 0, "longitude": 88.416436491335219, "latitude": 27.291473992933028 }, "geometry": { "type": "Point", "coordinates": [ 88.416436491335219, 27.291473992933028 ] } },
{ "type": "Feature", "properties": { "is_landslide": 0, "longitude": 88.74160432066914, "latitude": 27.186361762620415 }, "geometry": { "type": "Point", "coordinates": [ 88.74160432066914, 27.186361762620415 ] } },
{ "type": "Feature", "properties": { "is_landslide": 0, "longitude": 88.77833131198642, "latitude": 27.305901634878893 }, "geometry": { "type": "Point", "coordinates": [ 88.77833131198642, 27.305901634878893 ] } },
{ "type": "Feature", "properties": { "is_landslide": 0, "longitude": 88.294583592457414, "latitude": 27.52103117748824 }, "geometry": { "type": "Point", "coordinates": [ 88.294583592457414, 27.52103117748824 ] } },
{ "type": "Feature", "properties": { "is_landslide": 0, "longitude": 88.729923132196276, "latitude": 27.326367461540595 }, "geometry": { "type": "Point", "coordinates": [ 88.729923132196276, 27.326367461540595 ] } },
{ "type": "Feature", "properties": { "is_landslide": 0, "longitude": 88.207137122925687, "latitude": 27.147345454005354 }, "geometry": { "type": "Point", "coordinates": [ 88.207137122925687, 27.147345454005354 ] } },
{ "type": "Feature", "properties": { "is_landslide": 0, "longitude": 88.453917389804076, "latitude": 27.208305935483999 }, "geometry": { "type": "Point", "coordinates": [ 88.453917389804076, 27.208305935483999 ] } },
{ "type": "Feature", "properties": { "is_landslide": 0, "longitude": 88.345629452760065, "latitude": 27.405641909437087 }, "geometry": { "type": "Point", "coordinates": [ 88.345629452760065, 27.405641909437087 ] } },
{ "type": "Feature", "properties": { "is_landslide": 0, "longitude": 88.669669045615947, "latitude": 27.449777200434237 }, "geometry": { "type": "Point", "coordinates": [ 88.669669045615947, 27.449777200434237 ] } },
{ "type": "Feature", "properties": { "is_landslide": 0, "longitude": 88.615458514051511, "latitude": 27.151333380419825 }, "geometry": { "type": "Point", "coordinates": [ 88.615458514051511, 27.151333380419825 ] } },
{ "type": "Feature", "properties": { "is_landslide": 0, "longitude": 88.606008591426018, "latitude": 27.396476599686171 }, "geometry": { "type": "Point", "coordinates": [ 88.606008591426018, 27.396476599686171 ] } },
{ "type": "Feature", "properties": { "is_landslide": 0, "longitude": 88.61367135411362, "latitude": 27.274989995605189 }, "geometry": { "type": "Point", "coordinates": [ 88.61367135411362, 27.274989995605189 ] } },
{ "type": "Feature", "properties": { "is_landslide": 0, "longitude": 88.5681997525502, "latitude": 27.385545037372005 }, "geometry": { "type": "Point", "coordinates": [ 88.5681997525502, 27.385545037372005 ] } },
{ "type": "Feature", "properties": { "is_landslide": 0, "longitude": 88.325941049776588, "latitude": 27.404504716006425 }, "geometry": { "type": "Point", "coordinates": [ 88.325941049776588, 27.404504716006425 ] } },
{ "type": "Feature", "properties": { "is_landslide": 0, "longitude": 88.234641069217417, "latitude": 27.413548611044263 }, "geometry": { "type": "Point", "coordinates": [ 88.234641069217417, 27.413548611044263 ] } },
{ "type": "Feature", "properties": { "is_landslide": 0, "longitude": 88.126513444014861, "latitude": 27.466413866423931 }, "geometry": { "type": "Point", "coordinates": [ 88.126513444014861, 27.466413866423931 ] } },
{ "type": "Feature", "properties": { "is_landslide": 0, "longitude": 88.612872509782022, "latitude": 27.2078468871631 }, "geometry": { "type": "Point", "coordinates": [ 88.612872509782022, 27.2078468871631 ] } },
{ "type": "Feature", "properties": { "is_landslide": 0, "longitude": 88.189765480565057, "latitude": 27.476849506470536 }, "geometry": { "type": "Point", "coordinates": [ 88.189765480565057, 27.476849506470536 ] } },
{ "type": "Feature", "properties": { "is_landslide": 0, "longitude": 88.622338784049063, "latitude": 27.536340864960252 }, "geometry": { "type": "Point", "coordinates": [ 88.622338784049063, 27.536340864960252 ] } },
{ "type": "Feature", "properties": { "is_landslide": 0, "longitude": 88.534884446350688, "latitude": 27.149004815068302 }, "geometry": { "type": "Point", "coordinates": [ 88.534884446350688, 27.149004815068302 ] } },
{ "type": "Feature", "properties": { "is_landslide": 0, "longitude": 88.120607413602087, "latitude": 27.201816329113509 }, "geometry": { "type": "Point", "coordinates": [ 88.120607413602087, 27.201816329113509 ] } },
{ "type": "Feature", "properties": { "is_landslide": 0, "longitude": 88.127685030518052, "latitude": 27.187663006901264 }, "geometry": { "type": "Point", "coordinates": [ 88.127685030518052, 27.187663006901264 ] } },
{ "type": "Feature", "properties": { "is_landslide": 0, "longitude": 88.643450831456732, "latitude": 27.225121166314224 }, "geometry": { "type": "Point", "coordinates": [ 88.643450831456732, 27.225121166314224 ] } },
{ "type": "Feature", "properties": { "is_landslide": 0, "longitude": 88.321497220297331, "latitude": 27.32243539647634 }, "geometry": { "type": "Point", "coordinates": [ 88.321497220297331, 27.32243539647634 ] } },
{ "type": "Feature", "properties": { "is_landslide": 0, "longitude": 88.223031454878992, "latitude": 27.422947892754173 }, "geometry": { "type": "Point", "coordinates": [ 88.223031454878992, 27.422947892754173 ] } },
{ "type": "Feature", "properties": { "is_landslide": 0, "longitude": 88.675277443310293, "latitude": 27.252639090397157 }, "geometry": { "type": "Point", "coordinates": [ 88.675277443310293, 27.252639090397157 ] } },
{ "type": "Feature", "properties": { "is_landslide": 0, "longitude": 88.806785610778888, "latitude": 27.510890114412415 }, "geometry": { "type": "Point", "coordinates": [ 88.806785610778888, 27.510890114412415 ] } },
{ "type": "Feature", "properties": { "is_landslide": 0, "longitude": 88.453880832155946, "latitude": 27.352909298605983 }, "geometry": { "type": "Point", "coordinates": [ 88.453880832155946, 27.352909298605983 ] } },
{ "type": "Feature", "properties": { "is_landslide": 0, "longitude": 88.403323852741835, "latitude": 27.525451011543954 }, "geometry": { "type": "Point", "coordinates": [ 88.403323852741835, 27.525451011543954 ] } },
{ "type": "Feature", "properties": { "is_landslide": 0, "longitude": 88.49676498508353, "latitude": 27.204347042837586 }, "geometry": { "type": "Point", "coordinates": [ 88.49676498508353, 27.204347042837586 ] } },
{ "type": "Feature", "properties": { "is_landslide": 0, "longitude": 88.4065096622666, "latitude": 27.29962089877478 }, "geometry": { "type": "Point", "coordinates": [ 88.4065096622666, 27.29962089877478 ] } },
{ "type": "Feature", "properties": { "is_landslide": 0, "longitude": 88.814711622874114, "latitude": 27.13330014212131 }, "geometry": { "type": "Point", "coordinates": [ 88.814711622874114, 27.13330014212131 ] } },
{ "type": "Feature", "properties": { "is_landslide": 0, "longitude": 88.209300970438207, "latitude": 27.411596607198629 }, "geometry": { "type": "Point", "coordinates": [ 88.209300970438207, 27.411596607198629 ] } },
{ "type": "Feature", "properties": { "is_landslide": 0, "longitude": 88.470742403089503, "latitude": 27.426944342337531 }, "geometry": { "type": "Point", "coordinates": [ 88.470742403089503, 27.426944342337531 ] } },
{ "type": "Feature", "properties": { "is_landslide": 0, "longitude": 88.842773322479516, "latitude": 27.256100591393519 }, "geometry": { "type": "Point", "coordinates": [ 88.842773322479516, 27.256100591393519 ] } },
{ "type": "Feature", "properties": { "is_landslide": 0, "longitude": 88.414758506172063, "latitude": 27.250001880060491 }, "geometry": { "type": "Point", "coordinates": [ 88.414758506172063, 27.250001880060491 ] } },
{ "type": "Feature", "properties": { "is_landslide": 0, "longitude": 88.523547281733769, "latitude": 27.137155383948429 }, "geometry": { "type": "Point", "coordinates": [ 88.523547281733769, 27.137155383948429 ] } },
{ "type": "Feature", "properties": { "is_landslide": 0, "longitude": 88.185434244121922, "latitude": 27.175990025516064 }, "geometry": { "type": "Point", "coordinates": [ 88.185434244121922, 27.175990025516064 ] } },
{ "type": "Feature", "properties": { "is_landslide": 0, "longitude": 88.80780171333015, "latitude": 27.263129868812751 }, "geometry": { "type": "Point", "coordinates": [ 88.80780171333015, 27.263129868812751 ] } },
{ "type": "Feature", "properties": { "is_landslide": 0, "longitude": 88.174606393534049, "latitude": 27.373110873899808 }, "geometry": { "type": "Point", "coordinates": [ 88.174606393534049, 27.373110873899808 ] } },
{ "type": "Feature", "properties": { "is_landslide": 0, "longitude": 88.196065384712966, "latitude": 27.266384524876266 }, "geometry": { "type": "Point", "coordinates": [ 88.196065384712966, 27.266384524876266 ] } },
{ "type": "Feature", "properties": { "is_landslide": 0, "longitude": 88.264422957962296, "latitude": 27.299831984551815 }, "geometry": { "type": "Point", "coordinates": [ 88.264422957962296, 27.299831984551815 ] } },
{ "type": "Feature", "properties": { "is_landslide": 0, "longitude": 88.308297791911258, "latitude": 27.5097529347468 }, "geometry": { "type": "Point", "coordinates": [ 88.308297791911258, 27.5097529347468 ] } },
{ "type": "Feature", "properties": { "is_landslide": 0, "longitude": 88.094720176023657, "latitude": 27.268672843905772 }, "geometry": { "type": "Point", "coordinates": [ 88.094720176023657, 27.268672843905772 ] } },
{ "type": "Feature", "properties": { "is_landslide": 0, "longitude": 88.637941993042489, "latitude": 27.352864342846576 }, "geometry": { "type": "Point", "coordinates": [ 88.637941993042489, 27.352864342846576 ] } },
{ "type": "Feature", "properties": { "is_landslide": 0, "longitude": 88.493313608534635, "latitude": 27.297279768287677 }, "geometry": { "type": "Point", "coordinates": [ 88.493313608534635, 27.297279768287677 ] } },
{ "type": "Feature", "properties": { "is_landslide": 0, "longitude": 88.084140312534075, "latitude": 27.532315193572096 }, "geometry": { "type": "Point", "coordinates": [ 88.084140312534075, 27.532315193572096 ] } },
{ "type": "Feature", "properties": { "is_landslide": 0, "longitude": 88.360620844199971, "latitude": 27.148096888062149 }, "geometry": { "type": "Point", "coordinates": [ 88.360620844199971, 27.148096888062149 ] } },
{ "type": "Feature", "properties": { "is_landslide": 0, "longitude": 88.477244461243302, "latitude": 27.20559007058371 }, "geometry": { "type": "Point", "coordinates": [ 88.477244461243302, 27.20559007058371 ] } },
{ "type": "Feature", "properties": { "is_landslide": 0, "longitude": 88.526437304828619, "latitude": 27.449566829993906 }, "geometry": { "type": "Point", "coordinates": [ 88.526437304828619, 27.449566829993906 ] } },
{ "type": "Feature", "properties": { "is_landslide": 0, "longitude": 88.706285383363976, "latitude": 27.527672298663827 }, "geometry": { "type": "Point", "coordinates": [ 88.706285383363976, 27.527672298663827 ] } },
{ "type": "Feature", "properties": { "is_landslide": 0, "longitude": 88.21167915683462, "latitude": 27.522605220780655 }, "geometry": { "type": "Point", "coordinates": [ 88.21167915683462, 27.522605220780655 ] } },
{ "type": "Feature", "properties": { "is_landslide": 0, "longitude": 88.871669323518134, "latitude": 27.136743823450651 }, "geometry": { "type": "Point", "coordinates": [ 88.871669323518134, 27.136743823450651 ] } },
{ "type": "Feature", "properties": { "is_landslide": 0, "longitude": 88.237703123975692, "latitude": 27.246059227208224 }, "geometry": { "type": "Point", "coordinates": [ 88.237703123975692, 27.246059227208224 ] } },
{ "type": "Feature", "properties": { "is_landslide": 0, "longitude": 88.248665175460843, "latitude": 27.475769804880336 }, "geometry": { "type": "Point", "coordinates": [ 88.248665175460843, 27.475769804880336 ] } },
{ "type": "Feature", "properties": { "is_landslide": 0, "longitude": 88.81460535383836, "latitude": 27.303678565813957 }, "geometry": { "type": "Point", "coordinates": [ 88.81460535383836, 27.303678565813957 ] } },
{ "type": "Feature", "properties": { "is_landslide": 0, "longitude": 88.581374518679652, "latitude": 27.476363725163434 }, "geometry": { "type": "Point", "coordinates": [ 88.581374518679652, 27.476363725163434 ] } },
{ "type": "Feature", "properties": { "is_landslide": 0, "longitude": 88.62151666493078, "latitude": 27.417244521019867 }, "geometry": { "type": "Point", "coordinates": [ 88.62151666493078, 27.417244521019867 ] } },
{ "type": "Feature", "properties": { "is_landslide": 0, "longitude": 88.874369153500297, "latitude": 27.267178531378292 }, "geometry": { "type": "Point", "coordinates": [ 88.874369153500297, 27.267178531378292 ] } },
{ "type": "Feature", "properties": { "is_landslide": 0, "longitude": 88.43874218413228, "latitude": 27.219110002728474 }, "geometry": { "type": "Point", "coordinates": [ 88.43874218413228, 27.219110002728474 ] } },
{ "type": "Feature", "properties": { "is_landslide": 0, "longitude": 88.189297558168363, "latitude": 27.363518971629301 }, "geometry": { "type": "Point", "coordinates": [ 88.189297558168363, 27.363518971629301 ] } },
{ "type": "Feature", "properties": { "is_landslide": 0, "longitude": 88.10753177967662, "latitude": 27.142108602243709 }, "geometry": { "type": "Point", "coordinates": [ 88.10753177967662, 27.142108602243709 ] } },
{ "type": "Feature", "properties": { "is_landslide": 0, "longitude": 88.141316073964759, "latitude": 27.22639350184647 }, "geometry": { "type": "Point", "coordinates": [ 88.141316073964759, 27.22639350184647 ] } },
{ "type": "Feature", "properties": { "is_landslide": 0, "longitude": 88.260859613267641, "latitude": 27.256256274492792 }, "geometry": { "type": "Point", "coordinates": [ 88.260859613267641, 27.256256274492792 ] } },
{ "type": "Feature", "properties": { "is_landslide": 0, "longitude": 88.869915729529168, "latitude": 27.384463928196492 }, "geometry": { "type": "Point", "coordinates": [ 88.869915729529168, 27.384463928196492 ] } },
{ "type": "Feature", "properties": { "is_landslide": 0, "longitude": 88.407425536418089, "latitude": 27.264274774085166 }, "geometry": { "type": "Point", "coordinates": [ 88.407425536418089, 27.264274774085166 ] } },
{ "type": "Feature", "properties": { "is_landslide": 0, "longitude": 88.187889230278302, "latitude": 27.540097431474969 }, "geometry": { "type": "Point", "coordinates": [ 88.187889230278302, 27.540097431474969 ] } },
{ "type": "Feature", "properties": { "is_landslide": 0, "longitude": 88.636854159305912, "latitude": 27.376246028014606 }, "geometry": { "type": "Point", "coordinates": [ 88.636854159305912, 27.376246028014606 ] } },
{ "type": "Feature", "properties": { "is_landslide": 0, "longitude": 88.351945974116759, "latitude": 27.244079244029646 }, "geometry": { "type": "Point", "coordinates": [ 88.351945974116759, 27.244079244029646 ] } },
{ "type": "Feature", "properties": { "is_landslide": 0, "longitude": 88.531407870837768, "latitude": 27.158010190579731 }, "geometry": { "type": "Point", "coordinates": [ 88.531407870837768, 27.158010190579731 ] } },
{ "type": "Feature", "properties": { "is_landslide": 0, "longitude": 88.089301557300615, "latitude": 27.162473398992955 }, "geometry": { "type": "Point", "coordinates": [ 88.089301557300615, 27.162473398992955 ] } },
{ "type": "Feature", "properties": { "is_landslide": 0, "longitude": 88.837642266483911, "latitude": 27.086773768896407 }, "geometry": { "type": "Point", "coordinates": [ 88.837642266483911, 27.086773768896407 ] } },
{ "type": "Feature", "properties": { "is_landslide": 0, "longitude": 88.4133367430927, "latitude": 27.384451549405924 }, "geometry": { "type": "Point", "coordinates": [ 88.4133367430927, 27.384451549405924 ] } },
{ "type": "Feature", "properties": { "is_landslide": 0, "longitude": 88.186646945854591, "latitude": 27.188937166384331 }, "geometry": { "type": "Point", "coordinates": [ 88.186646945854591, 27.188937166384331 ] } },
{ "type": "Feature", "properties": { "is_landslide": 0, "longitude": 88.61110011185248, "latitude": 27.533271670618202 }, "geometry": { "type": "Point", "coordinates": [ 88.61110011185248, 27.533271670618202 ] } },
{ "type": "Feature", "properties": { "is_landslide": 0, "longitude": 88.480271349849303, "latitude": 27.36642591802098 }, "geometry": { "type": "Point", "coordinates": [ 88.480271349849303, 27.36642591802098 ] } },
{ "type": "Feature", "properties": { "is_landslide": 0, "longitude": 88.274071530717848, "latitude": 27.338636886656108 }, "geometry": { "type": "Point", "coordinates": [ 88.274071530717848, 27.338636886656108 ] } },
{ "type": "Feature", "properties": { "is_landslide": 0, "longitude": 88.352808207147959, "latitude": 27.277692675654738 }, "geometry": { "type": "Point", "coordinates": [ 88.352808207147959, 27.277692675654738 ] } },
{ "type": "Feature", "properties": { "is_landslide": 0, "longitude": 88.160973031171267, "latitude": 27.445787261201374 }, "geometry": { "type": "Point", "coordinates": [ 88.160973031171267, 27.445787261201374 ] } },
{ "type": "Feature", "properties": { "is_landslide": 0, "longitude": 88.483345612448616, "latitude": 27.135670781113532 }, "geometry": { "type": "Point", "coordinates": [ 88.483345612448616, 27.135670781113532 ] } }
]
}
