{
"type": "FeatureCollection",
"name": "sikkim_landslides_features",
"crs": { "type": "name", "properties": { "name": "urn:ogc:def:crs:OGC:1.3:CRS84" } },
"features": [
{ "type": "Feature", "properties": { "is_landslide": 1, "longitude": 88.615031017112102, "latitude": 27.278665335439545, "elevation_m": 1310.0, "slope_deg": 47.017561500447599, "aspect_deg": 6.2419143474150474 }, "geometry": { "type": "Point", "coordinates": [ 88.615031017112102, 27.278665335439545 ] } },
{ "type": "Feature", "properties": { "is_landslide": 1, "longitude": 88.549807935637432, "latitude": 27.265380543705302, "elevation_m": 884.0, "slope_deg": 36.595941596629629, "aspect_deg": 224.09061955080085 }, "geometry": { "type": "Point", "coordinates": [ 88.549807935637432, 27.265380543705302 ] } },
{ "type": "Feature", "properties": { "is_landslide": 1, "longitude": 88.550224959818181, "latitude": 27.26028328376692, "elevation_m": 703.0, "slope_deg": 45.392449120640322, "aspect_deg": 332.59242456218158 }, "geometry": { "type": "Point", "coordinates": [ 88.550224959818181, 27.26028328376692 ] } },
{ "type": "Feature", "properties": { "is_landslide": 1, "longitude": 88.535707587212812, "latitude": 27.303221187263276, "elevation_m": 1894.0, "slope_deg": 45.534958293761413, "aspect_deg": 254.82708465447473 }, "geometry": { "type": "Point", "coordinates": [ 88.535707587212812, 27.303221187263276 ] } },
{ "type": "Feature", "properties": { "is_landslide": 1, "longitude": 88.53521681115474, "latitude": 27.305261130677195, "elevation_m": 1822.0, "slope_deg": 34.992020198558663, "aspect_deg": 270.0 }, "geometry": { "type": "Point", "coordinates": [ 88.53521681115474, 27.305261130677195 ] } },
{ "type": "Feature", "properties": { "is_landslide": 1, "longitude": 88.621892301491386, "latitude": 27.278813222789807, "elevation_m": 1366.0, "slope_deg": 47.290610042638527, "aspect_deg": 0.0 }, "geometry": { "type": "Point", "coordinates": [ 88.621892301491386, 27.278813222789807 ] } },
{ "type": "Feature", "properties": { "is_landslide": 1, "longitude": 88.63074578674771, "latitude": 27.291713882614598, "elevation_m": 1164.0, "slope_deg": 44.730907494884384, "aspect_deg": 12.633361935274991 }, "geometry": { "type": "Point", "coordinates": [ 88.63074578674771, 27.291713882614598 ] } },
{ "type": "Feature", "properties": { "is_landslide": 1, "longitude": 88.523993790993003, "latitude": 27.282439270715926, "elevation_m": 1508.0, "slope_deg": 37.534906007911772, "aspect_deg": 12.528807709151522 }, "geometry": { "type": "Point", "coordinates": [ 88.523993790993003, 27.282439270715926 ] } },
{ "type": "Feature", "properties": { "is_landslide": 1, "longitude": 88.536377534973198, "latitude": 27.348338476944445, "elevation_m": 2220.0, "slope_deg": 56.252652330265882, "aspect_deg": 7.6789638073686888 }, "geometry": { "type": "Point", "coordinates": [ 88.536377534973198, 27.348338476944445 ] } },
{ "type": "Feature", "properties": { "is_landslide": 1, "longitude": 88.491000025674495, "latitude": 27.206011923690568, "elevation_m": 471.0, "slope_deg": 26.334247846853142, "aspect_deg": 135.0 }, "geometry": { "type": "Point", "coordinates": [ 88.491000025674495, 27.206011923690568 ] } },
{ "type": "Feature", "properties": { "is_landslide": 1, "longitude": 88.570488245966786, "latitude": 27.276909467665245, "elevation_m": 1069.0, "slope_deg": 47.341208431134824, "aspect_deg": 317.48955292199912 }, "geometry": { "type": "Point", "coordinates": [ 88.570488245966786, 27.276909467665245 ] } },
{ "type": "Feature", "properties": { "is_landslide": 1, "longitude": 88.607449942141642, "latitude": 27.215363985883165, "elevation_m": 856.0, "slope_deg": 15.845167180271268, "aspect_deg": 310.23635830927378 }, "geometry": { "type": "Point", "coordinates": [ 88.607449942141642, 27.215363985883165 ] } },
{ "type": "Feature", "properties": { "is_landslide": 1, "longitude": 88.691412700262745, "latitude": 27.234705330324754, "elevation_m": 1503.0, "slope_deg": 54.089670088968937, "aspect_deg": 23.470993118160891 }, "geometry": { "type": "Point", "coordinates": [ 88.691412700262745, 27.234705330324754 ] } },
{ "type": "Feature", "properties": { "is_landslide": 1, "longitude": 88.64172815560471, "latitude": 27.195265961541281, "elevation_m": 834.0, "slope_deg": 49.410255731694804, "aspect_deg": 181.6365770416167 }, "geometry": { "type": "Point", "coordinates": [ 88.64172815560471, 27.195265961541281 ] } },
{ "type": "Feature", "properties": { "is_landslide": 1, "longitude": 88.638909467322705, "latitude": 27.190639282938093, "elevation_m": 861.0, "slope_deg": 36.090711712410247, "aspect_deg": 100.53918372862823 }, "geometry": { "type": "Point", "coordinates": [ 88.638909467322705, 27.190639282938093 ] } },
{ "type": "Feature", "properties": { "is_landslide": 1, "longitude": 88.553780920381342, "latitude": 27.197983015160023, "elevation_m": 570.0, "slope_deg": 28.084099366691156, "aspect_deg": 308.65980825409008 }, "geometry": { "type": "Point", "coordinates": [ 88.553780920381342, 27.197983015160023 ] } },
{ "type": "Feature", "properties": { "is_landslide": 1, "longitude": 88.642581231822263, "latitude": 27.234641321193731, "elevation_m": 1455.0, "slope_deg": 40.585776987885218, "aspect_deg": 322.90716270295843 }, "geometry": { "type": "Point", "coordinates": [ 88.642581231822263, 27.234641321193731 ] } },
{ "type": "Feature", "properties": { "is_landslide": 1, "longitude": 88.55575921738523, "latitude": 27.199620163234158, "elevation_m": 610.0, "slope_deg": 12.53638838286113, "aspect_deg": 12.994616791916485 }, "geometry": { "type": "Point", "coordinates": [ 88.55575921738523, 27.199620163234158 ] } },
{ "type": "Feature", "properties": { "is_landslide": 1, "longitude": 88.613486567339933, "latitude": 27.237734781519887, "elevation_m": 1028.0, "slope_deg": 23.428692808745406, "aspect_deg": 337.38013505195954 }, "geometry": { "type": "Point", "coordinates": [ 88.613486567339933, 27.237734781519887 ] } },
{ "type": "Feature", "properties": { "is_landslide": 1, "longitude": 88.555198876307117, "latitude": 27.201862299908839, "elevation_m": 645.0, "slope_deg": 36.86989764584402, "aspect_deg": 323.13010235415595 }, "geometry": { "type": "Point", "coordinates": [ 88.555198876307117, 27.201862299908839 ] } },
{ "type": "Feature", "properties": { "is_landslide": 1, "longitude": 88.64050567316211, "latitude": 27.257475111254944, "elevation_m": 1995.0, "slope_deg": 21.242603631151898, "aspect_deg": 300.96375653207349 }, "geometry": { "type": "Point", "coordinates": [ 88.64050567316211, 27.257475111254944 ] } },
{ "type": "Feature", "properties": { "is_landslide": 1, "longitude": 88.646383835424075, "latitude": 27.249780216176291, "elevation_m": 1593.0, "slope_deg": 22.636129876883253, "aspect_deg": 2.290610042638491 }, "geometry": { "type": "Point", "coordinates": [ 88.646383835424075, 27.249780216176291 ] } },
{ "type": "Feature", "properties": { "is_landslide": 1, "longitude": 88.642477770611833, "latitude": 27.251455608261516, "elevation_m": 1767.0, "slope_deg": 35.02251023762291, "aspect_deg": 334.65382405805332 }, "geometry": { "type": "Point", "coordinates": [ 88.642477770611833, 27.251455608261516 ] } },
{ "type": "Feature", "properties": { "is_landslide": 1, "longitude": 88.644879518968537, "latitude": 27.251353290823602, "elevation_m": 1684.0, "slope_deg": 38.489053508945048, "aspect_deg": 326.97613244420336 }, "geometry": { "type": "Point", "coordinates": [ 88.644879518968537, 27.251353290823602 ] } },
{ "type": "Feature", "properties": { "is_landslide": 1, "longitude": 88.66496571225872, "latitude": 27.223861209452103, "elevation_m": 939.0, "slope_deg": 52.261849612197217, "aspect_deg": 353.33334010909863 }, "geometry": { "type": "Point", "coordinates": [ 88.66496571225872, 27.223861209452103 ] } },
{ "type": "Feature", "properties": { "is_landslide": 1, "longitude": 88.587492357599402, "latitude": 27.388085705924169, "elevation_m": 1278.0, "slope_deg": 31.060991342684076, "aspect_deg": 284.42077312751098 }, "geometry": { "type": "Point", "coordinates": [ 88.587492357599402, 27.388085705924169 ] } },
{ "type": "Feature", "properties": { "is_landslide": 1, "longitude": 88.590796804886551, "latitude": 27.390998831662635, "elevation_m": 1105.0, "slope_deg": 39.509712286193931, "aspect_deg": 284.03624346792651 }, "geometry": { "type": "Point", "coordinates": [ 88.590796804886551, 27.390998831662635 ] } },
{ "type": "Feature", "properties": { "is_landslide": 1, "longitude": 88.501359467284317, "latitude": 27.321928018576124, "elevation_m": 1065.0, "slope_deg": 49.97792134287657, "aspect_deg": 186.42874774882986 }, "geometry": { "type": "Point", "coordinates": [ 88.501359467284317, 27.321928018576124 ] } },
{ "type": "Feature", "properties": { "is_landslide": 1, "longitude": 88.514410062111835, "latitude": 27.341460379835887, "elevation_m": 1802.0, "slope_deg": 35.889866740432154, "aspect_deg": 7.9434718105903812 }, "geometry": { "type": "Point", "coordinates": [ 88.514410062111835, 27.341460379835887 ] } },
{ "type": "Feature", "properties": { "is_landslide": 1, "longitude": 88.511176426306605, "latitude": 27.395380318242001, "elevation_m": 651.0, "slope_deg": 28.987578250072634, "aspect_deg": 316.21887523513129 }, "geometry": { "type": "Point", "coordinates": [ 88.511176426306605, 27.395380318242001 ] } },
{ "type": "Feature", "properties": { "is_landslide": 1, "longitude": 88.337810038468021, "latitude": 27.304411418616954, "elevation_m": 1419.0, "slope_deg": 46.425988606769707, "aspect_deg": 14.69731927951193 }, "geometry": { "type": "Point", "coordinates": [ 88.337810038468021, 27.304411418616954 ] } },
{ "type": "Feature", "properties": { "is_landslide": 1, "longitude": 88.314680658889003, "latitude": 27.311458407707619, "elevation_m": 826.0, "slope_deg": 63.261367129274809, "aspect_deg": 319.08561677997488 }, "geometry": { "type": "Point", "coordinates": [ 88.314680658889003, 27.311458407707619 ] } },
{ "type": "Feature", "properties": { "is_landslide": 1, "longitude": 88.294977418036623, "latitude": 27.297004401224367, "elevation_m": 692.0, "slope_deg": 42.566947748020809, "aspect_deg": 258.486168815513 }, "geometry": { "type": "Point", "coordinates": [ 88.294977418036623, 27.297004401224367 ] } },
{ "type": "Feature", "properties": { "is_landslide": 1, "longitude": 88.276322189198765, "latitude": 27.345118551770458, "elevation_m": 1450.0, "slope_deg": 28.176705590951745, "aspect_deg": 84.644174957144799 }, "geometry": { "type": "Point", "coordinates": [ 88.276322189198765, 27.345118551770458 ] } },
{ "type": "Feature", "properties": { "is_landslide": 1, "longitude": 88.271291360764565, "latitude": 27.342853853228096, "elevation_m": 1225.0, "slope_deg": 20.532771786488425, "aspect_deg": 122.27564431457765 }, "geometry": { "type": "Point", "coordinates": [ 88.271291360764565, 27.342853853228096 ] } },
{ "type": "Feature", "properties": { "is_landslide": 1, "longitude": 88.333454801069237, "latitude": 27.302753345551238, "elevation_m": 1205.0, "slope_deg": 40.585776987885218, "aspect_deg": 37.092837297041569 }, "geometry": { "type": "Point", "coordinates": [ 88.333454801069237, 27.302753345551238 ] } },
{ "type": "Feature", "properties": { "is_landslide": 1, "longitude": 88.313826325474707, "latitude": 27.133907485535246, "elevation_m": 627.0, "slope_deg": 35.030123808675938, "aspect_deg": 18.004161605913396 }, "geometry": { "type": "Point", "coordinates": [ 88.313826325474707, 27.133907485535246 ] } },
{ "type": "Feature", "properties": { "is_landslide": 1, "longitude": 88.488955443938224, "latitude": 27.44585228734919, "elevation_m": 1615.0, "slope_deg": 54.221744285933063, "aspect_deg": 335.89776549883885 }, "geometry": { "type": "Point", "coordinates": [ 88.488955443938224, 27.44585228734919 ] } },
{ "type": "Feature", "properties": { "is_landslide": 1, "longitude": 88.340977429503269, "latitude": 27.304197270592972, "elevation_m": 1441.0, "slope_deg": 46.469088800680154, "aspect_deg": 23.317708386755044 }, "geometry": { "type": "Point", "coordinates": [ 88.340977429503269, 27.304197270592972 ] } },
{ "type": "Feature", "properties": { "is_landslide": 1, "longitude": 88.430490393979184, "latitude": 27.316300032426327, "elevation_m": 976.0, "slope_deg": 56.336019493065358, "aspect_deg": 357.45519562018688 }, "geometry": { "type": "Point", "coordinates": [ 88.430490393979184, 27.316300032426327 ] } },
{ "type": "Feature", "properties": { "is_landslide": 1, "longitude": 88.427745973625235, "latitude": 27.318833946641064, "elevation_m": 1136.0, "slope_deg": 46.878982772966928, "aspect_deg": 34.186122486375041 }, "geometry": { "type": "Point", "coordinates": [ 88.427745973625235, 27.318833946641064 ] } },
{ "type": "Feature", "properties": { "is_landslide": 1, "longitude": 88.272075620968323, "latitude": 27.351855967847129, "elevation_m": 1591.0, "slope_deg": 34.472622749576168, "aspect_deg": 354.42780219603617 }, "geometry": { "type": "Point", "coordinates": [ 88.272075620968323, 27.351855967847129 ] } },
{ "type": "Feature", "properties": { "is_landslide": 1, "longitude": 88.361876381371886, "latitude": 27.133501743699551, "elevation_m": 920.0, "slope_deg": 41.044911590466391, "aspect_deg": 84.507675442872539 }, "geometry": { "type": "Point", "coordinates": [ 88.361876381371886, 27.133501743699551 ] } },
{ "type": "Feature", "properties": { "is_landslide": 1, "longitude": 88.285638400687475, "latitude": 27.292219697036902, "elevation_m": 829.0, "slope_deg": 77.426852282406571, "aspect_deg": 323.76906225314764 }, "geometry": { "type": "Point", "coordinates": [ 88.285638400687475, 27.292219697036902 ] } },
{ "type": "Feature", "properties": { "is_landslide": 1, "longitude": 88.274006488986132, "latitude": 27.335133265736754, "elevation_m": 1355.0, "slope_deg": 30.498931686310716, "aspect_deg": 25.114834886144536 }, "geometry": { "type": "Point", "coordinates": [ 88.274006488986132, 27.335133265736754 ] } },
{ "type": "Feature", "properties": { "is_landslide": 1, "longitude": 88.170688932757287, "latitude": 27.129094694811013, "elevation_m": 783.0, "slope_deg": 34.218582707648956, "aspect_deg": 306.0273733851036 }, "geometry": { "type": "Point", "coordinates": [ 88.170688932757287, 27.129094694811013 ] } },
{ "type": "Feature", "properties": { "is_landslide": 1, "longitude": 88.445022203679926, "latitude": 27.489182642999303, "elevation_m": 1914.0, "slope_deg": 32.490306531189724, "aspect_deg": 276.00900595749454 }, "geometry": { "type": "Point", "coordinates": [ 88.445022203679926, 27.489182642999303 ] } },
{ "type": "Feature", "properties": { "is_landslide": 1, "longitude": 88.375787637326269, "latitude": 27.303761124845192, "elevation_m": 1624.0, "slope_deg": 33.565638724205321, "aspect_deg": 244.72227776444706 }, "geometry": { "type": "Point", "coordinates": [ 88.375787637326269, 27.303761124845192 ] } },
{ "type": "Feature", "properties": { "is_landslide": 1, "longitude": 88.397176584781462, "latitude": 27.29932800524649, "elevation_m": 1834.0, "slope_deg": 54.624414581150596, "aspect_deg": 20.79411495550363 }, "geometry": { "type": "Point", "coordinates": [ 88.397176584781462, 27.29932800524649 ] } },
{ "type": "Feature", "properties": { "is_landslide": 1, "longitude": 88.338538959551656, "latitude": 27.325163542292159, "elevation_m": 1925.0, "slope_deg": 44.555515612105559, "aspect_deg": 303.95905981967627 }, "geometry": { "type": "Point", "coordinates": [ 88.338538959551656, 27.325163542292159 ] } },
{ "type": "Feature", "properties": { "is_landslide": 1, "longitude": 88.582111739802215, "latitude": 27.405071027318161, "elevation_m": 1366.0, "slope_deg": 34.629410168503448, "aspect_deg": 351.67434966957319 }, "geometry": { "type": "Point", "coordinates": [ 88.582111739802215, 27.405071027318161 ] } },
{ "type": "Feature", "properties": { "is_landslide": 1, "longitude": 88.583498888741175, "latitude": 27.40805866458226, "elevation_m": 1487.0, "slope_deg": 51.910831998966415, "aspect_deg": 340.14478563067894 }, "geometry": { "type": "Point", "coordinates": [ 88.583498888741175, 27.40805866458226 ] } },
{ "type": "Feature", "properties": { "is_landslide": 1, "longitude": 88.500708067784601, "latitude": 27.541792238974356, "elevation_m": 1381.0, "slope_deg": 58.264944888524205, "aspect_deg": 8.297144969836836 }, "geometry": { "type": "Point", "coordinates": [ 88.500708067784601, 27.541792238974356 ] } },
{ "type": "Feature", "properties": { "is_landslide": 1, "longitude": 88.3979844950737, "latitude": 27.111753453975453, "elevation_m": 818.0, "slope_deg": 35.02251023762291, "aspect_deg": 64.653824058053317 }, "geometry": { "type": "Point", "coordinates": [ 88.3979844950737, 27.111753453975453 ] } },
{ "type": "Feature", "properties": { "is_landslide": 1, "longitude": 88.401209617226272, "latitude": 27.110945024358262, "elevation_m": 956.0, "slope_deg": 24.748625315195834, "aspect_deg": 77.471192290848478 }, "geometry": { "type": "Point", "coordinates": [ 88.401209617226272, 27.110945024358262 ] } },
{ "type": "Feature", "properties": { "is_landslide": 1, "longitude": 88.399256501122721, "latitude": 27.112021574777501, "elevation_m": 908.0, "slope_deg": 38.297815799717881, "aspect_deg": 45.855097396266729 }, "geometry": { "type": "Point", "coordinates": [ 88.399256501122721, 27.112021574777501 ] } },
{ "type": "Feature", "properties": { "is_landslide": 1, "longitude": 88.268641858341297, "latitude": 27.32959754673962, "elevation_m": 863.0, "slope_deg": 36.366348525992429, "aspect_deg": 5.1944289077347889 }, "geometry": { "type": "Point", "coordinates": [ 88.268641858341297, 27.32959754673962 ] } },
{ "type": "Feature", "properties": { "is_landslide": 1, "longitude": 88.269869576457538, "latitude": 27.32863456797417, "elevation_m": 820.0, "slope_deg": 26.628589703310887, "aspect_deg": 15.422161318738688 }, "geometry": { "type": "Point", "coordinates": [ 88.269869576457538, 27.32863456797417 ] } },
{ "type": "Feature", "properties": { "is_landslide": 1, "longitude": 88.271628077638525, "latitude": 27.331087904670909, "elevation_m": 1018.0, "slope_deg": 41.292432412809355, "aspect_deg": 33.388513576111507 }, "geometry": { "type": "Point", "coordinates": [ 88.271628077638525, 27.331087904670909 ] } },
{ "type": "Feature", "properties": { "is_landslide": 1, "longitude": 88.271890834144997, "latitude": 27.331953529594706, "elevation_m": 1063.0, "slope_deg": 34.154449747311389, "aspect_deg": 27.824096384253266 }, "geometry": { "type": "Point", "coordinates": [ 88.271890834144997, 27.331953529594706 ] } },
{ "type": "Feature", "properties": { "is_landslide": 1, "longitude": 88.271753072849748, "latitude": 27.332697890489996, "elevation_m": 1152.0, "slope_deg": 48.443511685296343, "aspect_deg": 12.804266065286754 }, "geometry": { "type": "Point", "coordinates": [ 88.271753072849748, 27.332697890489996 ] } },
{ "type": "Feature", "properties": { "is_landslide": 1, "longitude": 88.276603734096696, "latitude": 27.369142451349465, "elevation_m": 1978.0, "slope_deg": 29.260073022738787, "aspect_deg": 22.750976342787624 }, "geometry": { "type": "Point", "coordinates": [ 88.276603734096696, 27.369142451349465 ] } },
{ "type": "Feature", "properties": { "is_landslide": 1, "longitude": 88.327467296832154, "latitude": 27.385418796065288, "elevation_m": 1319.0, "slope_deg": 49.553784872292177, "aspect_deg": 337.44275336529432 }, "geometry": { "type": "Point", "coordinates": [ 88.327467296832154, 27.385418796065288 ] } },
{ "type": "Feature", "properties": { "is_landslide": 1, "longitude": 88.332719989984966, "latitude": 27.391721742074658, "elevation_m": 1604.0, "slope_deg": 55.657888856697049, "aspect_deg": 300.06858282186244 }, "geometry": { "type": "Point", "coordinates": [ 88.332719989984966, 27.391721742074658 ] } },
{ "type": "Feature", "properties": { "is_landslide": 1, "longitude": 88.331350714325154, "latitude": 27.391912431507919, "elevation_m": 1595.0, "slope_deg": 37.997052202077718, "aspect_deg": 56.309932474020229 }, "geometry": { "type": "Point", "coordinates": [ 88.331350714325154, 27.391912431507919 ] } },
{ "type": "Feature", "properties": { "is_landslide": 1, "longitude": 88.339727969061215, "latitude": 27.387768115016812, "elevation_m": 1573.0, "slope_deg": 37.005136086216339, "aspect_deg": 18.034285567129871 }, "geometry": { "type": "Point", "coordinates": [ 88.339727969061215, 27.387768115016812 ] } },
{ "type": "Feature", "properties": { "is_landslide": 1, "longitude": 88.337341025874551, "latitude": 27.389107036476933, "elevation_m": 1523.0, "slope_deg": 34.907876215342675, "aspect_deg": 40.155999624919332 }, "geometry": { "type": "Point", "coordinates": [ 88.337341025874551, 27.389107036476933 ] } },
{ "type": "Feature", "properties": { "is_landslide": 1, "longitude": 88.335721000272898, "latitude": 27.292315478122834, "elevation_m": 1434.0, "slope_deg": 43.53560155636589, "aspect_deg": 52.125016348901795 }, "geometry": { "type": "Point", "coordinates": [ 88.335721000272898, 27.292315478122834 ] } },
{ "type": "Feature", "properties": { "is_landslide": 1, "longitude": 88.179102211107704, "latitude": 27.140441524280188, "elevation_m": 743.0, "slope_deg": 26.615901707309959, "aspect_deg": 3.8140748342903521 }, "geometry": { "type": "Point", "coordinates": [ 88.179102211107704, 27.140441524280188 ] } },
{ "type": "Feature", "properties": { "is_landslide": 1, "longitude": 88.196738528009604, "latitude": 27.143641572286683, "elevation_m": 803.0, "slope_deg": 20.439317573258247, "aspect_deg": 79.695153531233984 }, "geometry": { "type": "Point", "coordinates": [ 88.196738528009604, 27.143641572286683 ] } },
{ "type": "Feature", "properties": { "is_landslide": 1, "longitude": 88.196068864115006, "latitude": 27.144274511944438, "elevation_m": 794.0, "slope_deg": 22.489134862284537, "aspect_deg": 40.100907546212227 }, "geometry": { "type": "Point", "coordinates": [ 88.196068864115006, 27.144274511944438 ] } },
{ "type": "Feature", "properties": { "is_landslide": 1, "longitude": 88.200736486678011, "latitude": 27.145534014685108, "elevation_m": 830.0, "slope_deg": 39.348038403973391, "aspect_deg": 333.43494882292202 }, "geometry": { "type": "Point", "coordinates": [ 88.200736486678011, 27.145534014685108 ] } },
{ "type": "Feature", "properties": { "is_landslide": 1, "longitude": 88.207747822801949, "latitude": 27.155335083450908, "elevation_m": 858.0, "slope_deg": 34.846405699136405, "aspect_deg": 348.95905981967627 }, "geometry": { "type": "Point", "coordinates": [ 88.207747822801949, 27.155335083450908 ] } },
{ "type": "Feature", "properties": { "is_landslide": 1, "longitude": 88.207053300752847, "latitude": 27.155588071450943, "elevation_m": 900.0, "slope_deg": 34.417388710441571, "aspect_deg": 341.56505117707798 }, "geometry": { "type": "Point", "coordinates": [ 88.207053300752847, 27.155588071450943 ] } },
{ "type": "Feature", "properties": { "is_landslide": 1, "longitude": 88.261591439719879, "latitude": 27.255451814981789, "elevation_m": 898.0, "slope_deg": 31.91126736185209, "aspect_deg": 74.475889003245754 }, "geometry": { "type": "Point", "coordinates": [ 88.261591439719879, 27.255451814981789 ] } },
{ "type": "Feature", "properties": { "is_landslide": 1, "longitude": 88.261156502293872, "latitude": 27.271533718675126, "elevation_m": 677.0, "slope_deg": 50.131767690847141, "aspect_deg": 343.83550084774311 }, "geometry": { "type": "Point", "coordinates": [ 88.261156502293872, 27.271533718675126 ] } },
{ "type": "Feature", "properties": { "is_landslide": 1, "longitude": 88.264639247960773, "latitude": 27.277936705248838, "elevation_m": 966.0, "slope_deg": 32.534698169456988, "aspect_deg": 326.72511201516511 }, "geometry": { "type": "Point", "coordinates": [ 88.264639247960773, 27.277936705248838 ] } },
{ "type": "Feature", "properties": { "is_landslide": 1, "longitude": 88.261064064470503, "latitude": 27.287913377023834, "elevation_m": 1397.0, "slope_deg": 29.031480434376107, "aspect_deg": 311.34777721969363 }, "geometry": { "type": "Point", "coordinates": [ 88.261064064470503, 27.287913377023834 ] } },
{ "type": "Feature", "properties": { "is_landslide": 1, "longitude": 88.264197786251032, "latitude": 27.287550496247679, "elevation_m": 1260.0, "slope_deg": 32.534698169456988, "aspect_deg": 303.27488798483489 }, "geometry": { "type": "Point", "coordinates": [ 88.264197786251032, 27.287550496247679 ] } },
{ "type": "Feature", "properties": { "is_landslide": 1, "longitude": 88.263003645665421, "latitude": 27.289770913225503, "elevation_m": 1456.0, "slope_deg": 35.591185665473247, "aspect_deg": 332.24145939893998 }, "geometry": { "type": "Point", "coordinates": [ 88.263003645665421, 27.289770913225503 ] } },
{ "type": "Feature", "properties": { "is_landslide": 1, "longitude": 88.280351068461783, "latitude": 27.308116291338784, "elevation_m": 739.0, "slope_deg": 33.573963453775399, "aspect_deg": 231.11550356628541 }, "geometry": { "type": "Point", "coordinates": [ 88.280351068461783, 27.308116291338784 ] } },
{ "type": "Feature", "properties": { "is_landslide": 1, "longitude": 88.321509714160115, "latitude": 27.312224959289402, "elevation_m": 916.0, "slope_deg": 43.53560155636589, "aspect_deg": 1.0050860052541566 }, "geometry": { "type": "Point", "coordinates": [ 88.321509714160115, 27.312224959289402 ] } },
{ "type": "Feature", "properties": { "is_landslide": 1, "longitude": 88.323161507289754, "latitude": 27.312742253946421, "elevation_m": 972.0, "slope_deg": 60.830012626731957, "aspect_deg": 347.64464013491647 }, "geometry": { "type": "Point", "coordinates": [ 88.323161507289754, 27.312742253946421 ] } },
{ "type": "Feature", "properties": { "is_landslide": 1, "longitude": 88.326837197522323, "latitude": 27.314775571779681, "elevation_m": 1130.0, "slope_deg": 67.733168125136416, "aspect_deg": 339.21513898603149 }, "geometry": { "type": "Point", "coordinates": [ 88.326837197522323, 27.314775571779681 ] } },
{ "type": "Feature", "properties": { "is_landslide": 1, "longitude": 88.432456694821525, "latitude": 27.329101288092541, "elevation_m": 1434.0, "slope_deg": 45.717727024401093, "aspect_deg": 315.65854317756362 }, "geometry": { "type": "Point", "coordinates": [ 88.432456694821525, 27.329101288092541 ] } },
{ "type": "Feature", "properties": { "is_landslide": 1, "longitude": 88.457401393815829, "latitude": 27.349833424978385, "elevation_m": 846.0, "slope_deg": 56.180221422372703, "aspect_deg": 343.790975072192 }, "geometry": { "type": "Point", "coordinates": [ 88.457401393815829, 27.349833424978385 ] } },
{ "type": "Feature", "properties": { "is_landslide": 1, "longitude": 88.470609480568712, "latitude": 27.381792324788343, "elevation_m": 754.0, "slope_deg": 33.023867555796649, "aspect_deg": 22.619864948040458 }, "geometry": { "type": "Point", "coordinates": [ 88.470609480568712, 27.381792324788343 ] } },
{ "type": "Feature", "properties": { "is_landslide": 1, "longitude": 88.508432299668755, "latitude": 27.489176459182158, "elevation_m": 928.0, "slope_deg": 49.878048473029502, "aspect_deg": 330.5545712700744 }, "geometry": { "type": "Point", "coordinates": [ 88.508432299668755, 27.489176459182158 ] } },
{ "type": "Feature", "properties": { "is_landslide": 1, "longitude": 88.509645537867101, "latitude": 27.489667397887594, "elevation_m": 880.0, "slope_deg": 39.990438796158593, "aspect_deg": 339.04422326936782 }, "geometry": { "type": "Point", "coordinates": [ 88.509645537867101, 27.489667397887594 ] } },
{ "type": "Feature", "properties": { "is_landslide": 1, "longitude": 88.47347789036337, "latitude": 27.443825079108187, "elevation_m": 2236.0, "slope_deg": 40.255447560737693, "aspect_deg": 323.80679269443533 }, "geometry": { "type": "Point", "coordinates": [ 88.47347789036337, 27.443825079108187 ] } },
{ "type": "Feature", "properties": { "is_landslide": 1, "longitude": 88.517953566458729, "latitude": 27.163406536673584, "elevation_m": 605.0, "slope_deg": 31.002719133873992, "aspect_deg": 303.69006752597977 }, "geometry": { "type": "Point", "coordinates": [ 88.517953566458729, 27.163406536673584 ] } },
{ "type": "Feature", "properties": { "is_landslide": 1, "longitude": 88.495624829260791, "latitude": 27.133859310068967, "elevation_m": 482.0, "slope_deg": 52.85630261135028, "aspect_deg": 316.0230301886678 }, "geometry": { "type": "Point", "coordinates": [ 88.495624829260791, 27.133859310068967 ] } },
{ "type": "Feature", "properties": { "is_landslide": 1, "longitude": 88.513121144179777, "latitude": 27.152231377421415, "elevation_m": 504.0, "slope_deg": 29.51750907883067, "aspect_deg": 317.38594403038883 }, "geometry": { "type": "Point", "coordinates": [ 88.513121144179777, 27.152231377421415 ] } },
{ "type": "Feature", "properties": { "is_landslide": 1, "longitude": 88.488859414190387, "latitude": 27.127133070776082, "elevation_m": 312.0, "slope_deg": 39.446397787796322, "aspect_deg": 6.981057406829791 }, "geometry": { "type": "Point", "coordinates": [ 88.488859414190387, 27.127133070776082 ] } },
{ "type": "Feature", "properties": { "is_landslide": 1, "longitude": 88.482080462746694, "latitude": 27.131366790174553, "elevation_m": 417.0, "slope_deg": 43.89215978617888, "aspect_deg": 14.036243467926454 }, "geometry": { "type": "Point", "coordinates": [ 88.482080462746694, 27.131366790174553 ] } },
{ "type": "Feature", "properties": { "is_landslide": 1, "longitude": 88.473373231186258, "latitude": 27.1386255106143, "elevation_m": 707.0, "slope_deg": 36.422309803534453, "aspect_deg": 288.43494882292202 }, "geometry": { "type": "Point", "coordinates": [ 88.473373231186258, 27.1386255106143 ] } },
{ "type": "Feature", "properties": { "is_landslide": 1, "longitude": 88.476353604247635, "latitude": 27.138996452034139, "elevation_m": 582.0, "slope_deg": 31.002719133873992, "aspect_deg": 303.69006752597977 }, "geometry": { "type": "Point", "coordinates": [ 88.476353604247635, 27.138996452034139 ] } },
{ "type": "Feature", "properties": { "is_landslide": 1, "longitude": 88.448545824969656, "latitude": 27.127000082838247, "elevation_m": 520.0, "slope_deg": 25.8493248967401, "aspect_deg": 356.05481377096243 }, "geometry": { "type": "Point", "coordinates": [ 88.448545824969656, 27.127000082838247 ] } },
{ "type": "Feature", "properties": { "is_landslide": 1, "longitude": 88.292412583233912, "latitude": 27.129495721696006, "elevation_m": 472.0, "slope_deg": 43.775713184390881, "aspect_deg": 13.0693178962822 }, "geometry": { "type": "Point", "coordinates": [ 88.292412583233912, 27.129495721696006 ] } },
{ "type": "Feature", "properties": { "is_landslide": 1, "longitude": 88.298719853603529, "latitude": 27.130894452711342, "elevation_m": 453.0, "slope_deg": 27.360321545332805, "aspect_deg": 345.06858282186244 }, "geometry": { "type": "Point", "coordinates": [ 88.298719853603529, 27.130894452711342 ] } },
{ "type": "Feature", "properties": { "is_landslide": 1, "longitude": 88.311414001327563, "latitude": 27.128083862656666, "elevation_m": 484.0, "slope_deg": 31.215386668546028, "aspect_deg": 328.49573328079578 }, "geometry": { "type": "Point", "coordinates": [ 88.311414001327563, 27.128083862656666 ] } },
{ "type": "Feature", "properties": { "is_landslide": 1, "longitude": 88.312509126990619, "latitude": 27.130486009301535, "elevation_m": 569.0, "slope_deg": 39.607057362378036, "aspect_deg": 304.33021719550334 }, "geometry": { "type": "Point", "coordinates": [ 88.312509126990619, 27.130486009301535 ] } },
{ "type": "Feature", "properties": { "is_landslide": 1, "longitude": 88.319719610650125, "latitude": 27.133173967554509, "elevation_m": 648.0, "slope_deg": 50.118105433101242, "aspect_deg": 282.87500155961243 }, "geometry": { "type": "Point", "coordinates": [ 88.319719610650125, 27.133173967554509 ] } },
{ "type": "Feature", "properties": { "is_landslide": 1, "longitude": 88.321056585218741, "latitude": 27.128262314427005, "elevation_m": 449.0, "slope_deg": 25.486125594093767, "aspect_deg": 306.46923439005184 }, "geometry": { "type": "Point", "coordinates": [ 88.321056585218741, 27.128262314427005 ] } },
{ "type": "Feature", "properties": { "is_landslide": 1, "longitude": 88.332608503593178, "latitude": 27.132831826789694, "elevation_m": 986.0, "slope_deg": 36.429291269498371, "aspect_deg": 6.4830736928972215 }, "geometry": { "type": "Point", "coordinates": [ 88.332608503593178, 27.132831826789694 ] } },
{ "type": "Feature", "properties": { "is_landslide": 1, "longitude": 88.331620217404918, "latitude": 27.131806097792428, "elevation_m": 926.0, "slope_deg": 42.377774270582094, "aspect_deg": 350.53767779197437 }, "geometry": { "type": "Point", "coordinates": [ 88.331620217404918, 27.131806097792428 ] } },
{ "type": "Feature", "properties": { "is_landslide": 1, "longitude": 88.332768350877785, "latitude": 27.131688828142376, "elevation_m": 936.0, "slope_deg": 31.434832006995155, "aspect_deg": 64.133643205905457 }, "geometry": { "type": "Point", "coordinates": [ 88.332768350877785, 27.131688828142376 ] } },
{ "type": "Feature", "properties": { "is_landslide": 1, "longitude": 88.328821350789255, "latitude": 27.129844534703707, "elevation_m": 783.0, "slope_deg": 39.703795804243683, "aspect_deg": 38.480198248343015 }, "geometry": { "type": "Point", "coordinates": [ 88.328821350789255, 27.129844534703707 ] } },
{ "type": "Feature", "properties": { "is_landslide": 1, "longitude": 88.333672174771124, "latitude": 27.127897657756471, "elevation_m": 816.0, "slope_deg": 23.628423517864423, "aspect_deg": 49.635463426902618 }, "geometry": { "type": "Point", "coordinates": [ 88.333672174771124, 27.127897657756471 ] } },
{ "type": "Feature", "properties": { "is_landslide": 1, "longitude": 88.333204585462667, "latitude": 27.12731004431841, "elevation_m": 775.0, "slope_deg": 33.665257292419049, "aspect_deg": 31.701429669505728 }, "geometry": { "type": "Point", "coordinates": [ 88.333204585462667, 27.12731004431841 ] } },
{ "type": "Feature", "properties": { "is_landslide": 1, "longitude": 88.332465889848933, "latitude": 27.126489087513232, "elevation_m": 716.0, "slope_deg": 30.777419473226079, "aspect_deg": 72.072080237992736 }, "geometry": { "type": "Point", "coordinates": [ 88.332465889848933, 27.126489087513232 ] } },
{ "type": "Feature", "properties": { "is_landslide": 1, "longitude": 88.332150592261627, "latitude": 27.127483178186733, "elevation_m": 755.0, "slope_deg": 33.490525189983416, "aspect_deg": 49.085616779974885 }, "geometry": { "type": "Point", "coordinates": [ 88.332150592261627, 27.127483178186733 ] } },
{ "type": "Feature", "properties": { "is_landslide": 1, "longitude": 88.362262155359105, "latitude": 27.124104287676079, "elevation_m": 584.0, "slope_deg": 40.835526884514927, "aspect_deg": 39.522631271171122 }, "geometry": { "type": "Point", "coordinates": [ 88.362262155359105, 27.124104287676079 ] } },
{ "type": "Feature", "properties": { "is_landslide": 1, "longitude": 88.369286342960777, "latitude": 27.123730968017945, "elevation_m": 595.0, "slope_deg": 29.51750907883067, "aspect_deg": 47.385944030388828 }, "geometry": { "type": "Point", "coordinates": [ 88.369286342960777, 27.123730968017945 ] } },
{ "type": "Feature", "properties": { "is_landslide": 1, "longitude": 88.371618613393039, "latitude": 27.123504029986339, "elevation_m": 684.0, "slope_deg": 35.918712572866035, "aspect_deg": 23.025492008528033 }, "geometry": { "type": "Point", "coordinates": [ 88.371618613393039, 27.123504029986339 ] } },
{ "type": "Feature", "properties": { "is_landslide": 1, "longitude": 88.373704174464237, "latitude": 27.123035681535548, "elevation_m": 723.0, "slope_deg": 35.502711965095912, "aspect_deg": 37.405356631408551 }, "geometry": { "type": "Point", "coordinates": [ 88.373704174464237, 27.123035681535548 ] } },
{ "type": "Feature", "properties": { "is_landslide": 1, "longitude": 88.452570738294341, "latitude": 27.159040551082448, "elevation_m": 1212.0, "slope_deg": 35.264389682754654, "aspect_deg": 45.0 }, "geometry": { "type": "Point", "coordinates": [ 88.452570738294341, 27.159040551082448 ] } },
{ "type": "Feature", "properties": { "is_landslide": 1, "longitude": 88.452150296995768, "latitude": 27.158727960633531, "elevation_m": 1160.0, "slope_deg": 36.147638969088355, "aspect_deg": 34.777831366363898 }, "geometry": { "type": "Point", "coordinates": [ 88.452150296995768, 27.158727960633531 ] } },
{ "type": "Feature", "properties": { "is_landslide": 1, "longitude": 88.455414840477232, "latitude": 27.156140047041195, "elevation_m": 1109.0, "slope_deg": 31.244175851188178, "aspect_deg": 37.184706453233105 }, "geometry": { "type": "Point", "coordinates": [ 88.455414840477232, 27.156140047041195 ] } },
{ "type": "Feature", "properties": { "is_landslide": 1, "longitude": 88.456372939514196, "latitude": 27.159338926513108, "elevation_m": 1280.0, "slope_deg": 32.754877470959904, "aspect_deg": 343.44292862436333 }, "geometry": { "type": "Point", "coordinates": [ 88.456372939514196, 27.159338926513108 ] } },
{ "type": "Feature", "properties": { "is_landslide": 1, "longitude": 88.434787470743288, "latitude": 27.193221735853786, "elevation_m": 1102.0, "slope_deg": 41.460293016683039, "aspect_deg": 1.0809241866606953 }, "geometry": { "type": "Point", "coordinates": [ 88.434787470743288, 27.193221735853786 ] } },
{ "type": "Feature", "properties": { "is_landslide": 1, "longitude": 88.445843418231675, "latitude": 27.200000677217066, "elevation_m": 1021.0, "slope_deg": 67.102375953274432, "aspect_deg": 271.61353893288117 }, "geometry": { "type": "Point", "coordinates": [ 88.445843418231675, 27.200000677217066 ] } },
{ "type": "Feature", "properties": { "is_landslide": 1, "longitude": 88.44442249264398, "latitude": 27.237655265169273, "elevation_m": 781.0, "slope_deg": 37.292075735261008, "aspect_deg": 336.80140948635182 }, "geometry": { "type": "Point", "coordinates": [ 88.44442249264398, 27.237655265169273 ] } },
{ "type": "Feature", "properties": { "is_landslide": 1, "longitude": 88.440442737871891, "latitude": 27.235296918049723, "elevation_m": 870.0, "slope_deg": 29.496208496566439, "aspect_deg": 315.0 }, "geometry": { "type": "Point", "coordinates": [ 88.440442737871891, 27.235296918049723 ] } },
{ "type": "Feature", "properties": { "is_landslide": 1, "longitude": 88.431302519881598, "latitude": 27.230200531875141, "elevation_m": 1202.0, "slope_deg": 30.337664384844906, "aspect_deg": 289.98310652189997 }, "geometry": { "type": "Point", "coordinates": [ 88.431302519881598, 27.230200531875141 ] } },
{ "type": "Feature", "properties": { "is_landslide": 1, "longitude": 88.429207535593974, "latitude": 27.230063128366258, "elevation_m": 1308.0, "slope_deg": 30.266612409654883, "aspect_deg": 271.63657704161676 }, "geometry": { "type": "Point", "coordinates": [ 88.429207535593974, 27.230063128366258 ] } },
{ "type": "Feature", "properties": { "is_landslide": 1, "longitude": 88.432034230281573, "latitude": 27.226905667569891, "elevation_m": 1252.0, "slope_deg": 40.489039427861492, "aspect_deg": 308.65980825409008 }, "geometry": { "type": "Point", "coordinates": [ 88.432034230281573, 27.226905667569891 ] } },
{ "type": "Feature", "properties": { "is_landslide": 1, "longitude": 88.433313639725981, "latitude": 27.22954012472341, "elevation_m": 1082.0, "slope_deg": 33.984892503435219, "aspect_deg": 261.46923439005184 }, "geometry": { "type": "Point", "coordinates": [ 88.433313639725981, 27.22954012472341 ] } },
{ "type": "Feature", "properties": { "is_landslide": 1, "longitude": 88.376729590551435, "latitude": 27.22603284261999, "elevation_m": 1878.0, "slope_deg": 36.197285660651502, "aspect_deg": 329.93141717813751 }, "geometry": { "type": "Point", "coordinates": [ 88.376729590551435, 27.22603284261999 ] } },
{ "type": "Feature", "properties": { "is_landslide": 1, "longitude": 88.378952743542314, "latitude": 27.246613103067276, "elevation_m": 2219.0, "slope_deg": 32.030542671724447, "aspect_deg": 318.23970029610211 }, "geometry": { "type": "Point", "coordinates": [ 88.378952743542314, 27.246613103067276 ] } },
{ "type": "Feature", "properties": { "is_landslide": 1, "longitude": 88.373609150487724, "latitude": 27.268080246203809, "elevation_m": 1406.0, "slope_deg": 29.58124669955053, "aspect_deg": 3.3664606634297911 }, "geometry": { "type": "Point", "coordinates": [ 88.373609150487724, 27.268080246203809 ] } },
{ "type": "Feature", "properties": { "is_landslide": 1, "longitude": 88.338850953786633, "latitude": 27.262738634385641, "elevation_m": 1585.0, "slope_deg": 42.031113774197287, "aspect_deg": 326.30993247402023 }, "geometry": { "type": "Point", "coordinates": [ 88.338850953786633, 27.262738634385641 ] } },
{ "type": "Feature", "properties": { "is_landslide": 1, "longitude": 88.551970054766258, "latitude": 27.395170087735011, "elevation_m": 1033.0, "slope_deg": 42.006740008695473, "aspect_deg": 321.00900595749454 }, "geometry": { "type": "Point", "coordinates": [ 88.551970054766258, 27.395170087735011 ] } },
{ "type": "Feature", "properties": { "is_landslide": 1, "longitude": 88.551083969426173, "latitude": 27.394041759679183, "elevation_m": 875.0, "slope_deg": 44.584213577383018, "aspect_deg": 3.8785245028477107 }, "geometry": { "type": "Point", "coordinates": [ 88.551083969426173, 27.394041759679183 ] } },
{ "type": "Feature", "properties": { "is_landslide": 1, "longitude": 88.330974422386248, "latitude": 27.39026002487531, "elevation_m": 1502.0, "slope_deg": 36.699225200489877, "aspect_deg": 10.304846468766016 }, "geometry": { "type": "Point", "coordinates": [ 88.330974422386248, 27.39026002487531 ] } },
{ "type": "Feature", "properties": { "is_landslide": 1, "longitude": 88.332529379042825, "latitude": 27.390039787253063, "elevation_m": 1476.0, "slope_deg": 51.887073499013361, "aspect_deg": 334.44003482817618 }, "geometry": { "type": "Point", "coordinates": [ 88.332529379042825, 27.390039787253063 ] } },
{ "type": "Feature", "properties": { "is_landslide": 1, "longitude": 88.498360306215787, "latitude": 27.540062344820118, "elevation_m": 1138.0, "slope_deg": 38.810714052269766, "aspect_deg": 5.9468630539735159 }, "geometry": { "type": "Point", "coordinates": [ 88.498360306215787, 27.540062344820118 ] } },
{ "type": "Feature", "properties": { "is_landslide": 1, "longitude": 88.494784701800953, "latitude": 27.442251488659785, "elevation_m": 1162.0, "slope_deg": 49.250542657048541, "aspect_deg": 324.94057303311303 }, "geometry": { "type": "Point", "coordinates": [ 88.494784701800953, 27.442251488659785 ] } },
{ "type": "Feature", "properties": { "is_landslide": 1, "longitude": 88.222058353336138, "latitude": 27.086215292631426, "elevation_m": 617.0, "slope_deg": 34.090063875331921, "aspect_deg": 322.00126755749534 }, "geometry": { "type": "Point", "coordinates": [ 88.222058353336138, 27.086215292631426 ] } },
{ "type": "Feature", "properties": { "is_landslide": 1, "longitude": 88.241532964535494, "latitude": 27.107072512799999, "elevation_m": 520.0, "slope_deg": 29.205932247399417, "aspect_deg": 333.43494882292202 }, "geometry": { "type": "Point", "coordinates": [ 88.241532964535494, 27.107072512799999 ] } },
{ "type": "Feature", "properties": { "is_landslide": 1, "longitude": 88.249645582132928, "latitude": 27.109247844742153, "elevation_m": 456.0, "slope_deg": 8.0494669755283983, "aspect_deg": 315.0 }, "geometry": { "type": "Point", "coordinates": [ 88.249645582132928, 27.109247844742153 ] } },
{ "type": "Feature", "properties": { "is_landslide": 1, "longitude": 88.254113710755448, "latitude": 27.113526195805306, "elevation_m": 453.0, "slope_deg": 33.423467333412106, "aspect_deg": 315.0 }, "geometry": { "type": "Point", "coordinates": [ 88.254113710755448, 27.113526195805306 ] } },
{ "type": "Feature", "properties": { "is_landslide": 1, "longitude": 88.257690036415553, "latitude": 27.11342427650353, "elevation_m": 431.0, "slope_deg": 36.211442333800804, "aspect_deg": 318.69138598645128 }, "geometry": { "type": "Point", "coordinates": [ 88.257690036415553, 27.11342427650353 ] } },
{ "type": "Feature", "properties": { "is_landslide": 1, "longitude": 88.264693499611525, "latitude": 27.114056222017719, "elevation_m": 408.0, "slope_deg": 14.273571375658685, "aspect_deg": 238.39249775375112 }, "geometry": { "type": "Point", "coordinates": [ 88.264693499611525, 27.114056222017719 ] } },
{ "type": "Feature", "properties": { "is_landslide": 1, "longitude": 88.271416134226456, "latitude": 27.116274936485663, "elevation_m": 390.0, "slope_deg": 34.464743624647816, "aspect_deg": 330.94539590092285 }, "geometry": { "type": "Point", "coordinates": [ 88.271416134226456, 27.116274936485663 ] } },
{ "type": "Feature", "properties": { "is_landslide": 1, "longitude": 88.222915006458919, "latitude": 27.113217814302825, "elevation_m": 584.0, "slope_deg": 28.910467658398421, "aspect_deg": 275.19442890773479 }, "geometry": { "type": "Point", "coordinates": [ 88.222915006458919, 27.113217814302825 ] } },
{ "type": "Feature", "properties": { "is_landslide": 1, "longitude": 88.22253519049417, "latitude": 27.115620711241579, "elevation_m": 644.0, "slope_deg": 27.613098503754813, "aspect_deg": 239.34933204294714 }, "geometry": { "type": "Point", "coordinates": [ 88.22253519049417, 27.115620711241579 ] } },
{ "type": "Feature", "properties": { "is_landslide": 1, "longitude": 88.224508653011796, "latitude": 27.115919192253589, "elevation_m": 529.0, "slope_deg": 28.987578250072634, "aspect_deg": 248.83874018317172 }, "geometry": { "type": "Point", "coordinates": [ 88.224508653011796, 27.115919192253589 ] } },
{ "type": "Feature", "properties": { "is_landslide": 1, "longitude": 88.214653396246064, "latitude": 27.118916010464996, "elevation_m": 606.0, "slope_deg": 30.498931686310716, "aspect_deg": 295.11483488614454 }, "geometry": { "type": "Point", "coordinates": [ 88.214653396246064, 27.118916010464996 ] } },
{ "type": "Feature", "properties": { "is_landslide": 1, "longitude": 88.214646119561408, "latitude": 27.117293257837858, "elevation_m": 581.0, "slope_deg": 20.532771786488425, "aspect_deg": 237.72435568542238 }, "geometry": { "type": "Point", "coordinates": [ 88.214646119561408, 27.117293257837858 ] } },
{ "type": "Feature", "properties": { "is_landslide": 1, "longitude": 88.213747063536402, "latitude": 27.115546533158582, "elevation_m": 622.0, "slope_deg": 13.069151942758999, "aspect_deg": 248.96248897457818 }, "geometry": { "type": "Point", "coordinates": [ 88.213747063536402, 27.115546533158582 ] } },
{ "type": "Feature", "properties": { "is_landslide": 1, "longitude": 88.669281955812565, "latitude": 27.340428418266441, "elevation_m": 1672.0, "slope_deg": 52.845308881684453, "aspect_deg": 27.859650695242294 }, "geometry": { "type": "Point", "coordinates": [ 88.669281955812565, 27.340428418266441 ] } },
{ "type": "Feature", "properties": { "is_landslide": 1, "longitude": 88.659997966045793, "latitude": 27.353154386479162, "elevation_m": 1602.0, "slope_deg": 37.844496259411841, "aspect_deg": 324.60520415501293 }, "geometry": { "type": "Point", "coordinates": [ 88.659997966045793, 27.353154386479162 ] } },
{ "type": "Feature", "properties": { "is_landslide": 1, "longitude": 88.667253570296765, "latitude": 27.355703406404984, "elevation_m": 1722.0, "slope_deg": 46.826655703167631, "aspect_deg": 333.03428556712981 }, "geometry": { "type": "Point", "coordinates": [ 88.667253570296765, 27.355703406404984 ] } },
{ "type": "Feature", "properties": { "is_landslide": 1, "longitude": 88.666366748510924, "latitude": 27.355513716143196, "elevation_m": 1732.0, "slope_deg": 52.13662784385312, "aspect_deg": 328.78159723565363 }, "geometry": { "type": "Point", "coordinates": [ 88.666366748510924, 27.355513716143196 ] } },
{ "type": "Feature", "properties": { "is_landslide": 1, "longitude": 88.215049139678712, "latitude": 27.286567045078801, "elevation_m": 1319.0, "slope_deg": 43.53560155636589, "aspect_deg": 322.1250163489018 }, "geometry": { "type": "Point", "coordinates": [ 88.215049139678712, 27.286567045078801 ] } },
{ "type": "Feature", "properties": { "is_landslide": 1, "longitude": 88.174466532029257, "latitude": 27.271950447998552, "elevation_m": 1485.0, "slope_deg": 50.131767690847141, "aspect_deg": 16.164499152256894 }, "geometry": { "type": "Point", "coordinates": [ 88.174466532029257, 27.271950447998552 ] } },
{ "type": "Feature", "properties": { "is_landslide": 1, "longitude": 88.656062168814756, "latitude": 27.42684414734584, "elevation_m": 2036.0, "slope_deg": 42.224692191908133, "aspect_deg": 7.3860431512672449 }, "geometry": { "type": "Point", "coordinates": [ 88.656062168814756, 27.42684414734584 ] } },
{ "type": "Feature", "properties": { "is_landslide": 1, "longitude": 88.654082531833737, "latitude": 27.398591749666085, "elevation_m": 2275.0, "slope_deg": 41.495662078867262, "aspect_deg": 317.29061004263849 }, "geometry": { "type": "Point", "coordinates": [ 88.654082531833737, 27.398591749666085 ] } },
{ "type": "Feature", "properties": { "is_landslide": 1, "longitude": 88.652748428556407, "latitude": 27.3973182203334, "elevation_m": 2149.0, "slope_deg": 46.175549646909495, "aspect_deg": 7.3523793598923248 }, "geometry": { "type": "Point", "coordinates": [ 88.652748428556407, 27.3973182203334 ] } },
{ "type": "Feature", "properties": { "is_landslide": 1, "longitude": 88.65847999092918, "latitude": 27.394986654962931, "elevation_m": 1967.0, "slope_deg": 59.056445545740061, "aspect_deg": 2.290610042638491 }, "geometry": { "type": "Point", "coordinates": [ 88.65847999092918, 27.394986654962931 ] } },
{ "type": "Feature", "properties": { "is_landslide": 1, "longitude": 88.658358253150581, "latitude": 27.401430225310826, "elevation_m": 2440.0, "slope_deg": 37.482715448564946, "aspect_deg": 358.75463573323168 }, "geometry": { "type": "Point", "coordinates": [ 88.658358253150581, 27.401430225310826 ] } },
{ "type": "Feature", "properties": { "is_landslide": 1, "longitude": 88.648368407461021, "latitude": 27.459764579113433, "elevation_m": 1978.0, "slope_deg": 49.250542657048541, "aspect_deg": 324.94057303311303 }, "geometry": { "type": "Point", "coordinates": [ 88.648368407461021, 27.459764579113433 ] } },
{ "type": "Feature", "properties": { "is_landslide": 1, "longitude": 88.668482699224853, "latitude": 27.358773065124204, "elevation_m": 1908.0, "slope_deg": 37.638775480074017, "aspect_deg": 353.79655209830815 }, "geometry": { "type": "Point", "coordinates": [ 88.668482699224853, 27.358773065124204 ] } },
{ "type": "Feature", "properties": { "is_landslide": 1, "longitude": 88.67262753039023, "latitude": 27.338322014586531, "elevation_m": 1758.0, "slope_deg": 20.001783914715944, "aspect_deg": 15.945395900922847 }, "geometry": { "type": "Point", "coordinates": [ 88.67262753039023, 27.338322014586531 ] } },
{ "type": "Feature", "properties": { "is_landslide": 1, "longitude": 88.668901412326363, "latitude": 27.356328326655564, "elevation_m": 1737.0, "slope_deg": 35.264389682754654, "aspect_deg": 8.1301023541559516 }, "geometry": { "type": "Point", "coordinates": [ 88.668901412326363, 27.356328326655564 ] } },
{ "type": "Feature", "properties": { "is_landslide": 1, "longitude": 88.672696585704429, "latitude": 27.338414683874976, "elevation_m": 1755.0, "slope_deg": 35.361631546583332, "aspect_deg": 350.53767779197437 }, "geometry": { "type": "Point", "coordinates": [ 88.672696585704429, 27.338414683874976 ] } },
{ "type": "Feature", "properties": { "is_landslide": 1, "longitude": 88.856110667372775, "latitude": 27.353393650062277, "elevation_m": 4146.0, "slope_deg": 40.729748094032217, "aspect_deg": 312.64670313389172 }, "geometry": { "type": "Point", "coordinates": [ 88.856110667372775, 27.353393650062277 ] } },
{ "type": "Feature", "properties": { "is_landslide": 1, "longitude": 88.89396939656919, "latitude": 27.293195629147789, "elevation_m": 3499.0, "slope_deg": 23.628423517864423, "aspect_deg": 49.635463426902618 }, "geometry": { "type": "Point", "coordinates": [ 88.89396939656919, 27.293195629147789 ] } },
{ "type": "Feature", "properties": { "is_landslide": 1, "longitude": 88.714277344405971, "latitude": 27.408835412718979, "elevation_m": 3553.0, "slope_deg": 34.218582707648956, "aspect_deg": 53.972626614896399 }, "geometry": { "type": "Point", "coordinates": [ 88.714277344405971, 27.408835412718979 ] } },
{ "type": "Feature", "properties": { "is_landslide": 1, "longitude": 88.723555135674431, "latitude": 27.19748897933426, "elevation_m": 1212.0, "slope_deg": 32.401162502089626, "aspect_deg": 240.06848815949223 }, "geometry": { "type": "Point", "coordinates": [ 88.723555135674431, 27.19748897933426 ] } },
{ "type": "Feature", "properties": { "is_landslide": 1, "longitude": 88.779327637315617, "latitude": 27.234632299939161, "elevation_m": 1847.0, "slope_deg": 24.862123938667224, "aspect_deg": 322.30575953331083 }, "geometry": { "type": "Point", "coordinates": [ 88.779327637315617, 27.234632299939161 ] } },
{ "type": "Feature", "properties": { "is_landslide": 1, "longitude": 88.722407249247325, "latitude": 27.260369914198222, "elevation_m": 1387.0, "slope_deg": 45.473508058734929, "aspect_deg": 10.388857815469578 }, "geometry": { "type": "Point", "coordinates": [ 88.722407249247325, 27.260369914198222 ] } },
{ "type": "Feature", "properties": { "is_landslide": 1, "longitude": 88.751736827861208, "latitude": 27.287812537552252, "elevation_m": 1908.0, "slope_deg": 46.425988606769707, "aspect_deg": 332.62229722866823 }, "geometry": { "type": "Point", "coordinates": [ 88.751736827861208, 27.287812537552252 ] } },
{ "type": "Feature", "properties": { "is_landslide": 1, "longitude": 88.666764522939346, "latitude": 27.389747710641423, "elevation_m": 2282.0, "slope_deg": 24.461332518771652, "aspect_deg": 61.557071375636667 }, "geometry": { "type": "Point", "coordinates": [ 88.666764522939346, 27.389747710641423 ] } },
{ "type": "Feature", "properties": { "is_landslide": 1, "longitude": 88.821261767022364, "latitude": 27.26648304593532, "elevation_m": 2651.0, "slope_deg": 29.195082782485805, "aspect_deg": 287.35402463626133 }, "geometry": { "type": "Point", "coordinates": [ 88.821261767022364, 27.26648304593532 ] } },
{ "type": "Feature", "properties": { "is_landslide": 1, "longitude": 88.819681171787579, "latitude": 27.265593834951545, "elevation_m": 2712.0, "slope_deg": 27.613098503754813, "aspect_deg": 292.47943439710309 }, "geometry": { "type": "Point", "coordinates": [ 88.819681171787579, 27.265593834951545 ] } },
{ "type": "Feature", "properties": { "is_landslide": 1, "longitude": 88.704269551119708, "latitude": 27.291861595983558, "elevation_m": 2271.0, "slope_deg": 46.636626083292647, "aspect_deg": 331.82140989004085 }, "geometry": { "type": "Point", "coordinates": [ 88.704269551119708, 27.291861595983558 ] } },
{ "type": "Feature", "properties": { "is_landslide": 1, "longitude": 88.710806549719649, "latitude": 27.283309863973756, "elevation_m": 1622.0, "slope_deg": 37.612871747368438, "aspect_deg": 321.1466256596467 }, "geometry": { "type": "Point", "coordinates": [ 88.710806549719649, 27.283309863973756 ] } },
{ "type": "Feature", "properties": { "is_landslide": 1, "longitude": 88.721953250823546, "latitude": 27.284372326828741, "elevation_m": 1423.0, "slope_deg": 48.943156005285893, "aspect_deg": 283.43102887068164 }, "geometry": { "type": "Point", "coordinates": [ 88.721953250823546, 27.284372326828741 ] } },
{ "type": "Feature", "properties": { "is_landslide": 1, "longitude": 88.71976879561835, "latitude": 27.294064113996281, "elevation_m": 1623.0, "slope_deg": 26.577778623734837, "aspect_deg": 358.09084756700361 }, "geometry": { "type": "Point", "coordinates": [ 88.71976879561835, 27.294064113996281 ] } },
{ "type": "Feature", "properties": { "is_landslide": 1, "longitude": 88.72006925742663, "latitude": 27.298717547311604, "elevation_m": 1755.0, "slope_deg": 48.680431562810028, "aspect_deg": 320.94686305397352 }, "geometry": { "type": "Point", "coordinates": [ 88.72006925742663, 27.298717547311604 ] } },
{ "type": "Feature", "properties": { "is_landslide": 1, "longitude": 88.724044954072852, "latitude": 27.302344910891396, "elevation_m": 1617.0, "slope_deg": 49.041467307596072, "aspect_deg": 255.76271953423893 }, "geometry": { "type": "Point", "coordinates": [ 88.724044954072852, 27.302344910891396 ] } },
{ "type": "Feature", "properties": { "is_landslide": 1, "longitude": 88.722708917016533, "latitude": 27.309408585576737, "elevation_m": 1977.0, "slope_deg": 50.550922034359182, "aspect_deg": 317.77916686407207 }, "geometry": { "type": "Point", "coordinates": [ 88.722708917016533, 27.309408585576737 ] } },
{ "type": "Feature", "properties": { "is_landslide": 1, "longitude": 88.72471913739075, "latitude": 27.308399384322961, "elevation_m": 1751.0, "slope_deg": 29.506862217331054, "aspect_deg": 283.62699485989151 }, "geometry": { "type": "Point", "coordinates": [ 88.72471913739075, 27.308399384322961 ] } },
{ "type": "Feature", "properties": { "is_landslide": 1, "longitude": 88.743385419474549, "latitude": 27.28373657695802, "elevation_m": 1716.0, "slope_deg": 49.253463877930848, "aspect_deg": 15.832386620422199 }, "geometry": { "type": "Point", "coordinates": [ 88.743385419474549, 27.28373657695802 ] } },
{ "type": "Feature", "properties": { "is_landslide": 1, "longitude": 88.724359365119582, "latitude": 27.310028117705933, "elevation_m": 1842.0, "slope_deg": 49.308844464210601, "aspect_deg": 295.46334506187156 }, "geometry": { "type": "Point", "coordinates": [ 88.724359365119582, 27.310028117705933 ] } },
{ "type": "Feature", "properties": { "is_landslide": 1, "longitude": 88.724628687674567, "latitude": 27.310809168784175, "elevation_m": 1835.0, "slope_deg": 39.828097300355431, "aspect_deg": 267.70938995736151 }, "geometry": { "type": "Point", "coordinates": [ 88.724628687674567, 27.310809168784175 ] } },
{ "type": "Feature", "properties": { "is_landslide": 1, "longitude": 88.727767603798185, "latitude": 27.316618652336857, "elevation_m": 1948.0, "slope_deg": 44.156088232260238, "aspect_deg": 50.572197803963775 }, "geometry": { "type": "Point", "coordinates": [ 88.727767603798185, 27.316618652336857 ] } },
{ "type": "Feature", "properties": { "is_landslide": 1, "longitude": 88.731449452795331, "latitude": 27.315727399769347, "elevation_m": 2128.0, "slope_deg": 27.944207405422539, "aspect_deg": 46.273030020056694 }, "geometry": { "type": "Point", "coordinates": [ 88.731449452795331, 27.315727399769347 ] } },
{ "type": "Feature", "properties": { "is_landslide": 1, "longitude": 88.716571332418553, "latitude": 27.298550888437319, "elevation_m": 2130.0, "slope_deg": 35.74485877621931, "aspect_deg": 317.81555668421117 }, "geometry": { "type": "Point", "coordinates": [ 88.716571332418553, 27.298550888437319 ] } },
{ "type": "Feature", "properties": { "is_landslide": 1, "longitude": 88.750272143667146, "latitude": 27.294273996497413, "elevation_m": 2172.0, "slope_deg": 34.629410168503448, "aspect_deg": 289.7468366054261 }, "geometry": { "type": "Point", "coordinates": [ 88.750272143667146, 27.294273996497413 ] } },
{ "type": "Feature", "properties": { "is_landslide": 1, "longitude": 88.739081780612111, "latitude": 27.303532767853593, "elevation_m": 2521.0, "slope_deg": 41.70117944887398, "aspect_deg": 7.5238204386386087 }, "geometry": { "type": "Point", "coordinates": [ 88.739081780612111, 27.303532767853593 ] } },
{ "type": "Feature", "properties": { "is_landslide": 1, "longitude": 88.761575658365686, "latitude": 27.295598333300521, "elevation_m": 2344.0, "slope_deg": 49.424679446311202, "aspect_deg": 2.4540316745270729 }, "geometry": { "type": "Point", "coordinates": [ 88.761575658365686, 27.295598333300521 ] } },
{ "type": "Feature", "properties": { "is_landslide": 1, "longitude": 88.763599730595203, "latitude": 27.295036475173948, "elevation_m": 2311.0, "slope_deg": 49.799836113904703, "aspect_deg": 0.0 }, "geometry": { "type": "Point", "coordinates": [ 88.763599730595203, 27.295036475173948 ] } },
{ "type": "Feature", "properties": { "is_landslide": 1, "longitude": 88.738605648085326, "latitude": 27.282498927373236, "elevation_m": 1749.0, "slope_deg": 49.355300879557952, "aspect_deg": 19.212671817185651 }, "geometry": { "type": "Point", "coordinates": [ 88.738605648085326, 27.282498927373236 ] } },
{ "type": "Feature", "properties": { "is_landslide": 1, "longitude": 88.743646923316433, "latitude": 27.284316664803157, "elevation_m": 1812.0, "slope_deg": 33.322363426545181, "aspect_deg": 30.465544919459887 }, "geometry": { "type": "Point", "coordinates": [ 88.743646923316433, 27.284316664803157 ] } },
{ "type": "Feature", "properties": { "is_landslide": 1, "longitude": 88.73373463540041, "latitude": 27.281858926534102, "elevation_m": 1497.0, "slope_deg": 37.580432528063433, "aspect_deg": 4.9697407281103096 }, "geometry": { "type": "Point", "coordinates": [ 88.73373463540041, 27.281858926534102 ] } },
{ "type": "Feature", "properties": { "is_landslide": 1, "longitude": 88.73469364771924, "latitude": 27.281920801345748, "elevation_m": 1521.0, "slope_deg": 44.319686152975386, "aspect_deg": 27.439727948199334 }, "geometry": { "type": "Point", "coordinates": [ 88.73469364771924, 27.281920801345748 ] } },
{ "type": "Feature", "properties": { "is_landslide": 1, "longitude": 88.764027308761271, "latitude": 27.296974307158891, "elevation_m": 2448.0, "slope_deg": 49.136107905835296, "aspect_deg": 331.58733855692742 }, "geometry": { "type": "Point", "coordinates": [ 88.764027308761271, 27.296974307158891 ] } },
{ "type": "Feature", "properties": { "is_landslide": 1, "longitude": 88.765848848582877, "latitude": 27.29740008442667, "elevation_m": 2469.0, "slope_deg": 47.341208431134824, "aspect_deg": 349.38034472384487 }, "geometry": { "type": "Point", "coordinates": [ 88.765848848582877, 27.29740008442667 ] } },
{ "type": "Feature", "properties": { "is_landslide": 1, "longitude": 88.772481308702268, "latitude": 27.297523953878439, "elevation_m": 2893.0, "slope_deg": 43.491519345092001, "aspect_deg": 18.434948822922024 }, "geometry": { "type": "Point", "coordinates": [ 88.772481308702268, 27.297523953878439 ] } },
{ "type": "Feature", "properties": { "is_landslide": 1, "longitude": 88.75199504319599, "latitude": 27.30923263014142, "elevation_m": 2944.0, "slope_deg": 44.033233011276508, "aspect_deg": 35.882137246204195 }, "geometry": { "type": "Point", "coordinates": [ 88.75199504319599, 27.30923263014142 ] } },
{ "type": "Feature", "properties": { "is_landslide": 1, "longitude": 88.829729815169358, "latitude": 27.268284296913052, "elevation_m": 2634.0, "slope_deg": 46.237669253944986, "aspect_deg": 351.74056202012116 }, "geometry": { "type": "Point", "coordinates": [ 88.829729815169358, 27.268284296913052 ] } },
{ "type": "Feature", "properties": { "is_landslide": 1, "longitude": 88.796930302595712, "latitude": 27.2512531409341, "elevation_m": 2867.0, "slope_deg": 46.382754922663665, "aspect_deg": 10.060689795322958 }, "geometry": { "type": "Point", "coordinates": [ 88.796930302595712, 27.2512531409341 ] } },
{ "type": "Feature", "properties": { "is_landslide": 1, "longitude": 88.673039117506221, "latitude": 27.381571925511675, "elevation_m": 2941.0, "slope_deg": 43.029622022842211, "aspect_deg": 91.023030188667832 }, "geometry": { "type": "Point", "coordinates": [ 88.673039117506221, 27.381571925511675 ] } },
{ "type": "Feature", "properties": { "is_landslide": 1, "longitude": 88.143725038070102, "latitude": 27.305218913553094, "elevation_m": 1978.0, "slope_deg": 52.803441756580177, "aspect_deg": 304.69515353123398 }, "geometry": { "type": "Point", "coordinates": [ 88.143725038070102, 27.305218913553094 ] } },
{ "type": "Feature", "properties": { "is_landslide": 1, "longitude": 88.19423629457782, "latitude": 27.412740478597314, "elevation_m": 2046.0, "slope_deg": 39.007709839836828, "aspect_deg": 53.365886124032613 }, "geometry": { "type": "Point", "coordinates": [ 88.19423629457782, 27.412740478597314 ] } },
{ "type": "Feature", "properties": { "is_landslide": 1, "longitude": 88.172836919801199, "latitude": 27.43307108995926, "elevation_m": 2667.0, "slope_deg": 37.990724989171014, "aspect_deg": 50.194428907734789 }, "geometry": { "type": "Point", "coordinates": [ 88.172836919801199, 27.43307108995926 ] } },
{ "type": "Feature", "properties": { "is_landslide": 1, "longitude": 88.672653216010659, "latitude": 27.401796657027305, "elevation_m": 2331.0, "slope_deg": 28.910467658398421, "aspect_deg": 5.1944289077347889 }, "geometry": { "type": "Point", "coordinates": [ 88.672653216010659, 27.401796657027305 ] } },
{ "type": "Feature", "properties": { "is_landslide": 1, "longitude": 88.68694751749814, "latitude": 27.41896680171525, "elevation_m": 3151.0, "slope_deg": 31.205779114725832, "aspect_deg": 172.09283729704154 }, "geometry": { "type": "Point", "coordinates": [ 88.68694751749814, 27.41896680171525 ] } },
{ "type": "Feature", "properties": { "is_landslide": 1, "longitude": 88.088531064415704, "latitude": 27.457105720654038, "elevation_m": 4026.0, "slope_deg": 33.690067525979792, "aspect_deg": 53.130102354155952 }, "geometry": { "type": "Point", "coordinates": [ 88.088531064415704, 27.457105720654038 ] } },
{ "type": "Feature", "properties": { "is_landslide": 1, "longitude": 88.074136026883721, "latitude": 27.468942726006482, "elevation_m": 4315.0, "slope_deg": 34.730518200788445, "aspect_deg": 27.181111085477198 }, "geometry": { "type": "Point", "coordinates": [ 88.074136026883721, 27.468942726006482 ] } },
{ "type": "Feature", "properties": { "is_landslide": 1, "longitude": 88.192571610936682, "latitude": 27.414531125815873, "elevation_m": 2114.0, "slope_deg": 37.844496259411841, "aspect_deg": 35.394795844987073 }, "geometry": { "type": "Point", "coordinates": [ 88.192571610936682, 27.414531125815873 ] } },
{ "type": "Feature", "properties": { "is_landslide": 1, "longitude": 88.191015561874721, "latitude": 27.416847164685052, "elevation_m": 2144.0, "slope_deg": 34.154449747311389, "aspect_deg": 62.175903615746734 }, "geometry": { "type": "Point", "coordinates": [ 88.191015561874721, 27.416847164685052 ] } },
{ "type": "Feature", "properties": { "is_landslide": 1, "longitude": 88.26745646660035, "latitude": 27.441082487220051, "elevation_m": 2563.0, "slope_deg": 39.149436730539115, "aspect_deg": 292.89055165624831 }, "geometry": { "type": "Point", "coordinates": [ 88.26745646660035, 27.441082487220051 ] } },
{ "type": "Feature", "properties": { "is_landslide": 1, "longitude": 88.138054265209632, "latitude": 27.24094944279274, "elevation_m": 1746.0, "slope_deg": 27.791305644779218, "aspect_deg": 251.565051177078 }, "geometry": { "type": "Point", "coordinates": [ 88.138054265209632, 27.24094944279274 ] } },
{ "type": "Feature", "properties": { "is_landslide": 1, "longitude": 88.152631170015212, "latitude": 27.265777589982058, "elevation_m": 1233.0, "slope_deg": 37.410672491183874, "aspect_deg": 11.309932474020229 }, "geometry": { "type": "Point", "coordinates": [ 88.152631170015212, 27.265777589982058 ] } },
{ "type": "Feature", "properties": { "is_landslide": 1, "longitude": 88.153364342843716, "latitude": 27.268855726435074, "elevation_m": 1392.0, "slope_deg": 20.136303428248134, "aspect_deg": 0.0 }, "geometry": { "type": "Point", "coordinates": [ 88.153364342843716, 27.268855726435074 ] } },
{ "type": "Feature", "properties": { "is_landslide": 1, "longitude": 88.152529133351237, "latitude": 27.268850274523381, "elevation_m": 1413.0, "slope_deg": 31.993934384330498, "aspect_deg": 260.78897345918335 }, "geometry": { "type": "Point", "coordinates": [ 88.152529133351237, 27.268850274523381 ] } },
{ "type": "Feature", "properties": { "is_landslide": 1, "longitude": 88.157621323840175, "latitude": 27.267419203350812, "elevation_m": 1267.0, "slope_deg": 28.987578250072634, "aspect_deg": 344.29136217098426 }, "geometry": { "type": "Point", "coordinates": [ 88.157621323840175, 27.267419203350812 ] } },
{ "type": "Feature", "properties": { "is_landslide": 1, "longitude": 88.187203399467094, "latitude": 27.318399850420548, "elevation_m": 1425.0, "slope_deg": 40.84079665857319, "aspect_deg": 340.86635679409449 }, "geometry": { "type": "Point", "coordinates": [ 88.187203399467094, 27.318399850420548 ] } },
{ "type": "Feature", "properties": { "is_landslide": 1, "longitude": 88.143976416132389, "latitude": 27.164544750635411, "elevation_m": 1999.0, "slope_deg": 38.574662838925811, "aspect_deg": 259.15969454566948 }, "geometry": { "type": "Point", "coordinates": [ 88.143976416132389, 27.164544750635411 ] } },
{ "type": "Feature", "properties": { "is_landslide": 1, "longitude": 88.836113214568456, "latitude": 27.258400926379533, "elevation_m": 2176.0, "slope_deg": 32.954871179540703, "aspect_deg": 226.04162667600997 }, "geometry": { "type": "Point", "coordinates": [ 88.836113214568456, 27.258400926379533 ] } },
{ "type": "Feature", "properties": { "is_landslide": 1, "longitude": 88.838500645263778, "latitude": 27.248291972722733, "elevation_m": 2025.0, "slope_deg": 41.475461301809297, "aspect_deg": 315.76389846092997 }, "geometry": { "type": "Point", "coordinates": [ 88.838500645263778, 27.248291972722733 ] } },
{ "type": "Feature", "properties": { "is_landslide": 1, "longitude": 88.842868074679402, "latitude": 27.25799013958304, "elevation_m": 2162.0, "slope_deg": 38.31642449920507, "aspect_deg": 27.645975363738671 }, "geometry": { "type": "Point", "coordinates": [ 88.842868074679402, 27.25799013958304 ] } },
{ "type": "Feature", "properties": { "is_landslide": 1, "longitude": 88.817122671681688, "latitude": 27.197102833765207, "elevation_m": 1721.0, "slope_deg": 47.341208431134824, "aspect_deg": 10.619655276155129 }, "geometry": { "type": "Point", "coordinates": [ 88.817122671681688, 27.197102833765207 ] } },
{ "type": "Feature", "properties": { "is_landslide": 1, "longitude": 88.330710055617473, "latitude": 27.144410985946582, "elevation_m": 1054.0, "slope_deg": 36.512832841504583, "aspect_deg": 328.81502534126162 }, "geometry": { "type": "Point", "coordinates": [ 88.330710055617473, 27.144410985946582 ] } },
{ "type": "Feature", "properties": { "is_landslide": 1, "longitude": 88.335803788023256, "latitude": 27.146991686919879, "elevation_m": 1267.0, "slope_deg": 32.746126655516882, "aspect_deg": 31.218402764346365 }, "geometry": { "type": "Point", "coordinates": [ 88.335803788023256, 27.146991686919879 ] } },
{ "type": "Feature", "properties": { "is_landslide": 1, "longitude": 88.319748256673776, "latitude": 27.185595058437535, "elevation_m": 406.0, "slope_deg": 29.506862217331054, "aspect_deg": 346.37300514010849 }, "geometry": { "type": "Point", "coordinates": [ 88.319748256673776, 27.185595058437535 ] } },
{ "type": "Feature", "properties": { "is_landslide": 1, "longitude": 88.303724056987548, "latitude": 27.182251239782644, "elevation_m": 695.0, "slope_deg": 46.469088800680154, "aspect_deg": 293.31770838675504 }, "geometry": { "type": "Point", "coordinates": [ 88.303724056987548, 27.182251239782644 ] } },
{ "type": "Feature", "properties": { "is_landslide": 1, "longitude": 88.349595352830747, "latitude": 27.222965048953061, "elevation_m": 1278.0, "slope_deg": 46.40078522655309, "aspect_deg": 324.0394828033551 }, "geometry": { "type": "Point", "coordinates": [ 88.349595352830747, 27.222965048953061 ] } },
{ "type": "Feature", "properties": { "is_landslide": 1, "longitude": 88.286073924791097, "latitude": 27.244527217640083, "elevation_m": 946.0, "slope_deg": 44.181377461111119, "aspect_deg": 337.83365417791754 }, "geometry": { "type": "Point", "coordinates": [ 88.286073924791097, 27.244527217640083 ] } },
{ "type": "Feature", "properties": { "is_landslide": 1, "longitude": 88.287958295423422, "latitude": 27.243961826273079, "elevation_m": 856.0, "slope_deg": 41.184637384715238, "aspect_deg": 342.25532837494308 }, "geometry": { "type": "Point", "coordinates": [ 88.287958295423422, 27.243961826273079 ] } },
{ "type": "Feature", "properties": { "is_landslide": 1, "longitude": 88.285791262263004, "latitude": 27.275727241130927, "elevation_m": 945.0, "slope_deg": 48.440407071407044, "aspect_deg": 18.970407808486527 }, "geometry": { "type": "Point", "coordinates": [ 88.285791262263004, 27.275727241130927 ] } },
{ "type": "Feature", "properties": { "is_landslide": 1, "longitude": 88.283985922865199, "latitude": 27.274358057430906, "elevation_m": 764.0, "slope_deg": 36.93089662022377, "aspect_deg": 356.18592516570965 }, "geometry": { "type": "Point", "coordinates": [ 88.283985922865199, 27.274358057430906 ] } },
{ "type": "Feature", "properties": { "is_landslide": 1, "longitude": 88.261712274521642, "latitude": 27.184843987508025, "elevation_m": 1524.0, "slope_deg": 48.704807574688758, "aspect_deg": 17.904447506248175 }, "geometry": { "type": "Point", "coordinates": [ 88.261712274521642, 27.184843987508025 ] } },
{ "type": "Feature", "properties": { "is_landslide": 1, "longitude": 88.259865745826517, "latitude": 27.170817533242971, "elevation_m": 730.0, "slope_deg": 43.874966908581634, "aspect_deg": 33.690067525979771 }, "geometry": { "type": "Point", "coordinates": [ 88.259865745826517, 27.170817533242971 ] } },
{ "type": "Feature", "properties": { "is_landslide": 1, "longitude": 88.26860560506374, "latitude": 27.169603584234409, "elevation_m": 616.0, "slope_deg": 26.217612768234883, "aspect_deg": 336.03751102542179 }, "geometry": { "type": "Point", "coordinates": [ 88.26860560506374, 27.169603584234409 ] } },
{ "type": "Feature", "properties": { "is_landslide": 1, "longitude": 88.279581844881861, "latitude": 27.174250057920961, "elevation_m": 559.0, "slope_deg": 39.703795804243683, "aspect_deg": 349.59228868750995 }, "geometry": { "type": "Point", "coordinates": [ 88.279581844881861, 27.174250057920961 ] } },
{ "type": "Feature", "properties": { "is_landslide": 1, "longitude": 88.269106683840832, "latitude": 27.180226752422584, "elevation_m": 1181.0, "slope_deg": 31.434832006995155, "aspect_deg": 295.86635679409449 }, "geometry": { "type": "Point", "coordinates": [ 88.269106683840832, 27.180226752422584 ] } },
{ "type": "Feature", "properties": { "is_landslide": 1, "longitude": 88.251912712245002, "latitude": 27.132990958294997, "elevation_m": 934.0, "slope_deg": 46.710835943423305, "aspect_deg": 292.13549187810031 }, "geometry": { "type": "Point", "coordinates": [ 88.251912712245002, 27.132990958294997 ] } },
{ "type": "Feature", "properties": { "is_landslide": 1, "longitude": 88.261957753777395, "latitude": 27.130202318988349, "elevation_m": 535.0, "slope_deg": 45.146466289731336, "aspect_deg": 319.70785224437225 }, "geometry": { "type": "Point", "coordinates": [ 88.261957753777395, 27.130202318988349 ] } },
{ "type": "Feature", "properties": { "is_landslide": 1, "longitude": 88.244192408894378, "latitude": 27.129660320735869, "elevation_m": 834.0, "slope_deg": 44.28627766987951, "aspect_deg": 289.98310652189997 }, "geometry": { "type": "Point", "coordinates": [ 88.244192408894378, 27.129660320735869 ] } },
{ "type": "Feature", "properties": { "is_landslide": 1, "longitude": 88.371232620663406, "latitude": 27.214834240389351, "elevation_m": 1573.0, "slope_deg": 59.501912161234991, "aspect_deg": 346.37300514010849 }, "geometry": { "type": "Point", "coordinates": [ 88.371232620663406, 27.214834240389351 ] } },
{ "type": "Feature", "properties": { "is_landslide": 1, "longitude": 88.546243542219997, "latitude": 27.284096228609343, "elevation_m": 1530.0, "slope_deg": 25.915703593185821, "aspect_deg": 300.96375653207349 }, "geometry": { "type": "Point", "coordinates": [ 88.546243542219997, 27.284096228609343 ] } },
{ "type": "Feature", "properties": { "is_landslide": 1, "longitude": 88.623928557877662, "latitude": 27.32895212491092, "elevation_m": 1382.0, "slope_deg": 29.802413569555988, "aspect_deg": 261.63411387596739 }, "geometry": { "type": "Point", "coordinates": [ 88.623928557877662, 27.32895212491092 ] } },
{ "type": "Feature", "properties": { "is_landslide": 1, "longitude": 88.623103149458231, "latitude": 27.331566814264999, "elevation_m": 1481.0, "slope_deg": 20.82800310374709, "aspect_deg": 331.18920625702697 }, "geometry": { "type": "Point", "coordinates": [ 88.623103149458231, 27.331566814264999 ] } },
{ "type": "Feature", "properties": { "is_landslide": 1, "longitude": 88.657774438480672, "latitude": 27.31373614486758, "elevation_m": 2140.0, "slope_deg": 38.574662838925811, "aspect_deg": 169.15969454566942 }, "geometry": { "type": "Point", "coordinates": [ 88.657774438480672, 27.31373614486758 ] } },
{ "type": "Feature", "properties": { "is_landslide": 1, "longitude": 88.667068621200102, "latitude": 27.265711124790677, "elevation_m": 2041.0, "slope_deg": 37.038767555809535, "aspect_deg": 353.65980825409008 }, "geometry": { "type": "Point", "coordinates": [ 88.667068621200102, 27.265711124790677 ] } },
{ "type": "Feature", "properties": { "is_landslide": 1, "longitude": 88.635405867818221, "latitude": 27.392236585064264, "elevation_m": 1496.0, "slope_deg": 32.570125471470689, "aspect_deg": 344.87599269168942 }, "geometry": { "type": "Point", "coordinates": [ 88.635405867818221, 27.392236585064264 ] } },
{ "type": "Feature", "properties": { "is_landslide": 1, "longitude": 88.549447627781021, "latitude": 27.366846480085055, "elevation_m": 1782.0, "slope_deg": 36.876686815170174, "aspect_deg": 268.72696997994331 }, "geometry": { "type": "Point", "coordinates": [ 88.549447627781021, 27.366846480085055 ] } },
{ "type": "Feature", "properties": { "is_landslide": 1, "longitude": 88.543680776294821, "latitude": 27.374623893160113, "elevation_m": 1734.0, "slope_deg": 46.544195076020358, "aspect_deg": 291.29735404903374 }, "geometry": { "type": "Point", "coordinates": [ 88.543680776294821, 27.374623893160113 ] } },
{ "type": "Feature", "properties": { "is_landslide": 1, "longitude": 88.228447941032883, "latitude": 27.296619084804416, "elevation_m": 1742.0, "slope_deg": 44.847999871754865, "aspect_deg": 351.3268259521202 }, "geometry": { "type": "Point", "coordinates": [ 88.228447941032883, 27.296619084804416 ] } },
{ "type": "Feature", "properties": { "is_landslide": 1, "longitude": 88.225666707358911, "latitude": 27.247111045987999, "elevation_m": 1646.0, "slope_deg": 37.716233913055774, "aspect_deg": 232.88313931672971 }, "geometry": { "type": "Point", "coordinates": [ 88.225666707358911, 27.247111045987999 ] } },
{ "type": "Feature", "properties": { "is_landslide": 0, "longitude": 88.331137362852317, "latitude": 27.295743491673459, "elevation_m": 1263.0, "slope_deg": 28.222814437179903, "aspect_deg": 64.2306723756613 }, "geometry": { "type": "Point", "coordinates": [ 88.331137362852317, 27.295743491673459 ] } },
{ "type": "Feature", "properties": { "is_landslide": 0, "longitude": 88.811269499564588, "latitude": 27.36997477241189, "elevation_m": 4075.0, "slope_deg": 10.176527410054078, "aspect_deg": 158.19859051364818 }, "geometry": { "type": "Point", "coordinates": [ 88.811269499564588, 27.36997477241189 ] } },
{ "type": "Feature", "properties": { "is_landslide": 0, "longitude": 88.234402904979618, "latitude": 27.229194960243206, "elevation_m": 1882.0, "slope_deg": 18.962318288675391, "aspect_deg": 50.906141113770502 }, "geometry": { "type": "Point", "coordinates": [ 88.234402904979618, 27.229194960243206 ] } },
{ "type": "Feature", "properties": { "is_landslide": 0, "longitude": 88.803523968055956, "latitude": 27.416963424696942, "elevation_m": 4548.0, "slope_deg": 31.138369345567487, "aspect_deg": 155.55604521958347 }, "geometry": { "type": "Point", "coordinates": [ 88.803523968055956, 27.416963424696942 ] } },
{ "type": "Feature", "properties": { "is_landslide": 0, "longitude": 88.640998658875503, "latitude": 27.312957990184074, "elevation_m": 1582.0, "slope_deg": 20.307500221928045, "aspect_deg": 144.1623470457217 }, "geometry": { "type": "Point", "coordinates": [ 88.640998658875503, 27.312957990184074 ] } },
{ "type": "Feature", "properties": { "is_landslide": 0, "longitude": 88.248233430426026, "latitude": 27.353303357238769, "elevation_m": 1958.0, "slope_deg": 27.909048110686054, "aspect_deg": 65.854458039578333 }, "geometry": { "type": "Point", "coordinates": [ 88.248233430426026, 27.353303357238769 ] } },
{ "type": "Feature", "properties": { "is_landslide": 0, "longitude": 88.518463076574903, "latitude": 27.365922413363876, "elevation_m": 1930.0, "slope_deg": 35.02251023762291, "aspect_deg": 154.65382405805332 }, "geometry": { "type": "Point", "coordinates": [ 88.518463076574903, 27.365922413363876 ] } },
{ "type": "Feature", "properties": { "is_landslide": 0, "longitude": 88.101848901113243, "latitude": 27.340881777831939, "elevation_m": 2880.0, "slope_deg": 29.927479327463576, "aspect_deg": 157.89055165624833 }, "geometry": { "type": "Point", "coordinates": [ 88.101848901113243, 27.340881777831939 ] } },
{ "type": "Feature", "properties": { "is_landslide": 0, "longitude": 88.260748435298495, "latitude": 27.344831381322223, "elevation_m": 1497.0, "slope_deg": 21.045720884075834, "aspect_deg": 4.9697407281103096 }, "geometry": { "type": "Point", "coordinates": [ 88.260748435298495, 27.344831381322223 ] } },
{ "type": "Feature", "properties": { "is_landslide": 0, "longitude": 88.278867671046541, "latitude": 27.33164038515384, "elevation_m": 1227.0, "slope_deg": 25.030890233331949, "aspect_deg": 2.045408488887233 }, "geometry": { "type": "Point", "coordinates": [ 88.278867671046541, 27.33164038515384 ] } },
{ "type": "Feature", "properties": { "is_landslide": 0, "longitude": 88.123283140162243, "latitude": 27.448924892327526, "elevation_m": 3714.0, "slope_deg": 12.225122675735754, "aspect_deg": 337.38013505195954 }, "geometry": { "type": "Point", "coordinates": [ 88.123283140162243, 27.448924892327526 ] } },
{ "type": "Feature", "properties": { "is_landslide": 0, "longitude": 88.688491592177357, "latitude": 27.322727726868447, "elevation_m": 2849.0, "slope_deg": 12.260147486012336, "aspect_deg": 184.39870535499554 }, "geometry": { "type": "Point", "coordinates": [ 88.688491592177357, 27.322727726868447 ] } },
{ "type": "Feature", "properties": { "is_landslide": 0, "longitude": 88.86329081408438, "latitude": 27.417313690767187, "elevation_m": 4053.0, "slope_deg": 27.909048110686054, "aspect_deg": 335.85445803957833 }, "geometry": { "type": "Point", "coordinates": [ 88.86329081408438, 27.417313690767187 ] } },
{ "type": "Feature", "properties": { "is_landslide": 0, "longitude": 88.867126001258598, "latitude": 27.278158426894855, "elevation_m": 3031.0, "slope_deg": 29.195082782485805, "aspect_deg": 252.6459753637387 }, "geometry": { "type": "Point", "coordinates": [ 88.867126001258598, 27.278158426894855 ] } },
{ "type": "Feature", "properties": { "is_landslide": 0, "longitude": 88.45883972295205, "latitude": 27.167968065640771, "elevation_m": 1718.0, "slope_deg": 26.126317264569018, "aspect_deg": 350.21759296819272 }, "geometry": { "type": "Point", "coordinates": [ 88.45883972295205, 27.167968065640771 ] } },
{ "type": "Feature", "properties": { "is_landslide": 0, "longitude": 88.181902905340749, "latitude": 27.490717356491121, "elevation_m": 3542.0, "slope_deg": 16.723558006484023, "aspect_deg": 33.690067525979771 }, "geometry": { "type": "Point", "coordinates": [ 88.181902905340749, 27.490717356491121 ] } },
{ "type": "Feature", "properties": { "is_landslide": 0, "longitude": 88.739119871567055, "latitude": 27.468151184230226, "elevation_m": 4108.0, "slope_deg": 42.552842640583854, "aspect_deg": 195.80251395393555 }, "geometry": { "type": "Point", "coordinates": [ 88.739119871567055, 27.468151184230226 ] } },
{ "type": "Feature", "properties": { "is_landslide": 0, "longitude": 88.417991839994528, "latitude": 27.309725576900433, "elevation_m": 1292.0, "slope_deg": 19.610609129170935, "aspect_deg": 259.2157021324374 }, "geometry": { "type": "Point", "coordinates": [ 88.417991839994528, 27.309725576900433 ] } },
{ "type": "Feature", "properties": { "is_landslide": 0, "longitude": 88.880961176646139, "latitude": 27.157830000287735, "elevation_m": 1837.0, "slope_deg": 35.63524161504921, "aspect_deg": 125.53767779197437 }, "geometry": { "type": "Point", "coordinates": [ 88.880961176646139, 27.157830000287735 ] } },
{ "type": "Feature", "properties": { "is_landslide": 0, "longitude": 88.69528449132676, "latitude": 27.458991134461343, "elevation_m": 2758.0, "slope_deg": 54.466162187134486, "aspect_deg": 351.09828396710799 }, "geometry": { "type": "Point", "coordinates": [ 88.69528449132676, 27.458991134461343 ] } },
{ "type": "Feature", "properties": { "is_landslide": 0, "longitude": 88.616522816583156, "latitude": 27.205681499985761, "elevation_m": 785.0, "slope_deg": 26.917734427775631, "aspect_deg": 66.801409486351815 }, "geometry": { "type": "Point", "coordinates": [ 88.616522816583156, 27.205681499985761 ] } },
{ "type": "Feature", "properties": { "is_landslide": 0, "longitude": 88.101785341048, "latitude": 27.321809796679769, "elevation_m": 3363.0, "slope_deg": 35.113638216485604, "aspect_deg": 95.440332031005511 }, "geometry": { "type": "Point", "coordinates": [ 88.101785341048, 27.321809796679769 ] } },
{ "type": "Feature", "properties": { "is_landslide": 0, "longitude": 88.856098592146054, "latitude": 27.149195123222086, "elevation_m": 835.0, "slope_deg": 8.9848769316856831, "aspect_deg": 288.43494882292202 }, "geometry": { "type": "Point", "coordinates": [ 88.856098592146054, 27.149195123222086 ] } },
{ "type": "Feature", "properties": { "is_landslide": 0, "longitude": 88.679890367048046, "latitude": 27.240971434809165, "elevation_m": 1586.0, "slope_deg": 24.461332518771652, "aspect_deg": 8.4269690214806587 }, "geometry": { "type": "Point", "coordinates": [ 88.679890367048046, 27.240971434809165 ] } },
{ "type": "Feature", "properties": { "is_landslide": 0, "longitude": 88.090277502959268, "latitude": 27.487752306252826, "elevation_m": 4704.0, "slope_deg": 28.910467658398421, "aspect_deg": 84.805571092265211 }, "geometry": { "type": "Point", "coordinates": [ 88.090277502959268, 27.487752306252826 ] } },
{ "type": "Feature", "properties": { "is_landslide": 0, "longitude": 88.623982086859513, "latitude": 27.349743285632631, "elevation_m": 1989.0, "slope_deg": 16.253917058152773, "aspect_deg": 149.03624346792648 }, "geometry": { "type": "Point", "coordinates": [ 88.623982086859513, 27.349743285632631 ] } },
{ "type": "Feature", "properties": { "is_landslide": 0, "longitude": 88.881659370480122, "latitude": 27.508538717348493, "elevation_m": 3642.0, "slope_deg": 32.103516272985047, "aspect_deg": 140.3893117599734 }, "geometry": { "type": "Point", "coordinates": [ 88.881659370480122, 27.508538717348493 ] } },
{ "type": "Feature", "properties": { "is_landslide": 0, "longitude": 88.76416971472284, "latitude": 27.200436818468305, "elevation_m": 2341.0, "slope_deg": 17.775317038209, "aspect_deg": 81.027373385103601 }, "geometry": { "type": "Point", "coordinates": [ 88.76416971472284, 27.200436818468305 ] } },
{ "type": "Feature", "properties": { "is_landslide": 0, "longitude": 88.167277385432556, "latitude": 27.204548167391181, "elevation_m": 2708.0, "slope_deg": 52.243378259661235, "aspect_deg": 23.587030525128228 }, "geometry": { "type": "Point", "coordinates": [ 88.167277385432556, 27.204548167391181 ] } },
{ "type": "Feature", "properties": { "is_landslide": 0, "longitude": 88.722998135300685, "latitude": 27.242655810081061, "elevation_m": 1529.0, "slope_deg": 45.415656017120988, "aspect_deg": 14.264512298079921 }, "geometry": { "type": "Point", "coordinates": [ 88.722998135300685, 27.242655810081061 ] } },
{ "type": "Feature", "properties": { "is_landslide": 0, "longitude": 88.805693611524731, "latitude": 27.365032271764914, "elevation_m": 3975.0, "slope_deg": 12.364552990274646, "aspect_deg": 98.746162262555202 }, "geometry": { "type": "Point", "coordinates": [ 88.805693611524731, 27.365032271764914 ] } },
{ "type": "Feature", "properties": { "is_landslide": 0, "longitude": 88.307621614056075, "latitude": 27.418226730283919, "elevation_m": 2311.0, "slope_deg": 28.899422426198566, "aspect_deg": 28.886581766910695 }, "geometry": { "type": "Point", "coordinates": [ 88.307621614056075, 27.418226730283919 ] } },
{ "type": "Feature", "properties": { "is_landslide": 0, "longitude": 88.432746567165708, "latitude": 27.260123271422806, "elevation_m": 464.0, "slope_deg": 20.991582376941242, "aspect_deg": 267.51044707800088 }, "geometry": { "type": "Point", "coordinates": [ 88.432746567165708, 27.260123271422806 ] } },
{ "type": "Feature", "properties": { "is_landslide": 0, "longitude": 88.689508400490993, "latitude": 27.266304290908558, "elevation_m": 1806.0, "slope_deg": 4.8575333384130923, "aspect_deg": 281.30993247402023 }, "geometry": { "type": "Point", "coordinates": [ 88.689508400490993, 27.266304290908558 ] } },
{ "type": "Feature", "properties": { "is_landslide": 0, "longitude": 88.621625288600285, "latitude": 27.276771281773154, "elevation_m": 1243.0, "slope_deg": 20.097992628721148, "aspect_deg": 59.931417178137565 }, "geometry": { "type": "Point", "coordinates": [ 88.621625288600285, 27.276771281773154 ] } },
{ "type": "Feature", "properties": { "is_landslide": 0, "longitude": 88.425905214182009, "latitude": 27.31377703562141, "elevation_m": 886.0, "slope_deg": 21.938008256074177, "aspect_deg": 204.44395478041653 }, "geometry": { "type": "Point", "coordinates": [ 88.425905214182009, 27.31377703562141 ] } },
{ "type": "Feature", "properties": { "is_landslide": 0, "longitude": 88.773155186643095, "latitude": 27.44393794665287, "elevation_m": 4372.0, "slope_deg": 38.665872438629883, "aspect_deg": 88.806510576017956 }, "geometry": { "type": "Point", "coordinates": [ 88.773155186643095, 27.44393794665287 ] } },
{ "type": "Feature", "properties": { "is_landslide": 0, "longitude": 88.783894687312568, "latitude": 27.302270879218252, "elevation_m": 3467.0, "slope_deg": 43.066019876329449, "aspect_deg": 356.9335144988741 }, "geometry": { "type": "Point", "coordinates": [ 88.783894687312568, 27.302270879218252 ] } },
{ "type": "Feature", "properties": { "is_landslide": 0, "longitude": 88.778359954018811, "latitude": 27.091033212140832, "elevation_m": 2312.0, "slope_deg": 18.370345512861498, "aspect_deg": 197.52556837372288 }, "geometry": { "type": "Point", "coordinates": [ 88.778359954018811, 27.091033212140832 ] } },
{ "type": "Feature", "properties": { "is_landslide": 0, "longitude": 88.631667978584886, "latitude": 27.258740407983513, "elevation_m": 2048.0, "slope_deg": 26.628589703310887, "aspect_deg": 111.44773632710535 }, "geometry": { "type": "Point", "coordinates": [ 88.631667978584886, 27.258740407983513 ] } },
{ "type": "Feature", "properties": { "is_landslide": 0, "longitude": 88.432837866865242, "latitude": 27.512959300701159, "elevation_m": 2664.0, "slope_deg": 36.004941661563038, "aspect_deg": 233.39292518739251 }, "geometry": { "type": "Point", "coordinates": [ 88.432837866865242, 27.512959300701159 ] } },
{ "type": "Feature", "properties": { "is_landslide": 0, "longitude": 88.572479489106982, "latitude": 27.517207439001272, "elevation_m": 1339.0, "slope_deg": 24.461332518771652, "aspect_deg": 171.57303097851934 }, "geometry": { "type": "Point", "coordinates": [ 88.572479489106982, 27.517207439001272 ] } },
{ "type": "Feature", "properties": { "is_landslide": 0, "longitude": 88.078331209737669, "latitude": 27.422000719004149, "elevation_m": 4274.0, "slope_deg": 15.819193947500141, "aspect_deg": 0.0 }, "geometry": { "type": "Point", "coordinates": [ 88.078331209737669, 27.422000719004149 ] } },
{ "type": "Feature", "properties": { "is_landslide": 0, "longitude": 88.444759680430494, "latitude": 27.23095776972205, "elevation_m": 1066.0, "slope_deg": 18.370345512861498, "aspect_deg": 197.52556837372288 }, "geometry": { "type": "Point", "coordinates": [ 88.444759680430494, 27.23095776972205 ] } },
{ "type": "Feature", "properties": { "is_landslide": 0, "longitude": 88.214112025759789, "latitude": 27.229584852326667, "elevation_m": 2109.0, "slope_deg": 32.167104228386144, "aspect_deg": 327.99461679191648 }, "geometry": { "type": "Point", "coordinates": [ 88.214112025759789, 27.229584852326667 ] } },
{ "type": "Feature", "properties": { "is_landslide": 0, "longitude": 88.475870730820731, "latitude": 27.482944047933945, "elevation_m": 1356.0, "slope_deg": 32.6759519939448, "aspect_deg": 204.56717132060132 }, "geometry": { "type": "Point", "coordinates": [ 88.475870730820731, 27.482944047933945 ] } },
{ "type": "Feature", "properties": { "is_landslide": 0, "longitude": 88.744419213481663, "latitude": 27.397753477043423, "elevation_m": 3994.0, "slope_deg": 14.244157617397111, "aspect_deg": 23.198590513648185 }, "geometry": { "type": "Point", "coordinates": [ 88.744419213481663, 27.397753477043423 ] } },
{ "type": "Feature", "properties": { "is_landslide": 0, "longitude": 88.58070083890793, "latitude": 27.246364828904866, "elevation_m": 1380.0, "slope_deg": 9.3689155784548372, "aspect_deg": 135.0 }, "geometry": { "type": "Point", "coordinates": [ 88.58070083890793, 27.246364828904866 ] } },
{ "type": "Feature", "properties": { "is_landslide": 0, "longitude": 88.221536815418773, "latitude": 27.324693880411601, "elevation_m": 1167.0, "slope_deg": 28.257311688503769, "aspect_deg": 262.8749836510982 }, "geometry": { "type": "Point", "coordinates": [ 88.221536815418773, 27.324693880411601 ] } },
{ "type": "Feature", "properties": { "is_landslide": 0, "longitude": 88.152690555870606, "latitude": 27.091053725349962, "elevation_m": 1267.0, "slope_deg": 27.432940772267944, "aspect_deg": 317.60256220249983 }, "geometry": { "type": "Point", "coordinates": [ 88.152690555870606, 27.091053725349962 ] } },
{ "type": "Feature", "properties": { "is_landslide": 0, "longitude": 88.306983980948729, "latitude": 27.519884761629953, "elevation_m": 4073.0, "slope_deg": 46.292252846773287, "aspect_deg": 329.34933204294714 }, "geometry": { "type": "Point", "coordinates": [ 88.306983980948729, 27.519884761629953 ] } },
{ "type": "Feature", "properties": { "is_landslide": 0, "longitude": 88.295101684601377, "latitude": 27.256355999504819, "elevation_m": 811.0, "slope_deg": 33.895369633008009, "aspect_deg": 299.7448812969422 }, "geometry": { "type": "Point", "coordinates": [ 88.295101684601377, 27.256355999504819 ] } },
{ "type": "Feature", "properties": { "is_landslide": 0, "longitude": 88.467993907329443, "latitude": 27.316340679928821, "elevation_m": 794.0, "slope_deg": 27.372447043216635, "aspect_deg": 176.30861401354872 }, "geometry": { "type": "Point", "coordinates": [ 88.467993907329443, 27.316340679928821 ] } },
{ "type": "Feature", "properties": { "is_landslide": 0, "longitude": 88.241839542970965, "latitude": 27.330091237802041, "elevation_m": 1079.0, "slope_deg": 43.260137084372921, "aspect_deg": 247.06789956241022 }, "geometry": { "type": "Point", "coordinates": [ 88.241839542970965, 27.330091237802041 ] } },
{ "type": "Feature", "properties": { "is_landslide": 0, "longitude": 88.401943838077045, "latitude": 27.235001392853768, "elevation_m": 1950.0, "slope_deg": 15.609525869125669, "aspect_deg": 252.6459753637387 }, "geometry": { "type": "Point", "coordinates": [ 88.401943838077045, 27.235001392853768 ] } },
{ "type": "Feature", "properties": { "is_landslide": 0, "longitude": 88.626538303614581, "latitude": 27.219541489697402, "elevation_m": 959.0, "slope_deg": 9.4623222080256166, "aspect_deg": 0.0 }, "geometry": { "type": "Point", "coordinates": [ 88.626538303614581, 27.219541489697402 ] } },
{ "type": "Feature", "properties": { "is_landslide": 0, "longitude": 88.837061746908347, "latitude": 27.32163003655587, "elevation_m": 4093.0, "slope_deg": 14.763132623631552, "aspect_deg": 71.565051177077976 }, "geometry": { "type": "Point", "coordinates": [ 88.837061746908347, 27.32163003655587 ] } },
{ "type": "Feature", "properties": { "is_landslide": 0, "longitude": 88.799453940384709, "latitude": 27.223427321030524, "elevation_m": 2680.0, "slope_deg": 22.073415423345651, "aspect_deg": 80.537677791974374 }, "geometry": { "type": "Point", "coordinates": [ 88.799453940384709, 27.223427321030524 ] } },
{ "type": "Feature", "properties": { "is_landslide": 0, "longitude": 88.130949640203653, "latitude": 27.451408378399513, "elevation_m": 3643.0, "slope_deg": 20.097992628721148, "aspect_deg": 300.06858282186244 }, "geometry": { "type": "Point", "coordinates": [ 88.130949640203653, 27.451408378399513 ] } },
{ "type": "Feature", "properties": { "is_landslide": 0, "longitude": 88.1113856349278, "latitude": 27.121394245154843, "elevation_m": 1699.0, "slope_deg": 28.632096976803734, "aspect_deg": 238.73626830562259 }, "geometry": { "type": "Point", "coordinates": [ 88.1113856349278, 27.121394245154843 ] } },
{ "type": "Feature", "properties": { "is_landslide": 0, "longitude": 88.760865980375655, "latitude": 27.20279459041225, "elevation_m": 2162.0, "slope_deg": 48.762522720624673, "aspect_deg": 78.197565792216437 }, "geometry": { "type": "Point", "coordinates": [ 88.760865980375655, 27.20279459041225 ] } },
{ "type": "Feature", "properties": { "is_landslide": 0, "longitude": 88.737354803910634, "latitude": 27.12929425064765, "elevation_m": 2967.0, "slope_deg": 32.057945641238192, "aspect_deg": 115.20112364547506 }, "geometry": { "type": "Point", "coordinates": [ 88.737354803910634, 27.12929425064765 ] } },
{ "type": "Feature", "properties": { "is_landslide": 0, "longitude": 88.526323081753617, "latitude": 27.392607244770744, "elevation_m": 1210.0, "slope_deg": 25.675463214971884, "aspect_deg": 213.69006752597977 }, "geometry": { "type": "Point", "coordinates": [ 88.526323081753617, 27.392607244770744 ] } },
{ "type": "Feature", "properties": { "is_landslide": 0, "longitude": 88.402844774778345, "latitude": 27.210596575163283, "elevation_m": 2235.0, "slope_deg": 22.813941739617722, "aspect_deg": 146.30993247402023 }, "geometry": { "type": "Point", "coordinates": [ 88.402844774778345, 27.210596575163283 ] } },
{ "type": "Feature", "properties": { "is_landslide": 0, "longitude": 88.827821370684788, "latitude": 27.087415976774604, "elevation_m": 1861.0, "slope_deg": 43.228710035648241, "aspect_deg": 232.92692668268961 }, "geometry": { "type": "Point", "coordinates": [ 88.827821370684788, 27.087415976774604 ] } },
{ "type": "Feature", "properties": { "is_landslide": 0, "longitude": 88.149673127421025, "latitude": 27.420679231867975, "elevation_m": 3126.0, "slope_deg": 60.240556628313925, "aspect_deg": 7.6668042618141499 }, "geometry": { "type": "Point", "coordinates": [ 88.149673127421025, 27.420679231867975 ] } },
{ "type": "Feature", "properties": { "is_landslide": 0, "longitude": 88.834309804112337, "latitude": 27.41748715335001, "elevation_m": 4412.0, "slope_deg": 37.534906007911779, "aspect_deg": 139.39870535499554 }, "geometry": { "type": "Point", "coordinates": [ 88.834309804112337, 27.41748715335001 ] } },
{ "type": "Feature", "properties": { "is_landslide": 0, "longitude": 88.868309601572065, "latitude": 27.135500262367671, "elevation_m": 1047.0, "slope_deg": 24.168813435810112, "aspect_deg": 328.67130713219581 }, "geometry": { "type": "Point", "coordinates": [ 88.868309601572065, 27.135500262367671 ] } },
{ "type": "Feature", "properties": { "is_landslide": 0, "longitude": 88.38956578673492, "latitude": 27.276859611216537, "elevation_m": 1367.0, "slope_deg": 12.604382648379184, "aspect_deg": 243.434948822922 }, "geometry": { "type": "Point", "coordinates": [ 88.38956578673492, 27.276859611216537 ] } },
{ "type": "Feature", "properties": { "is_landslide": 0, "longitude": 88.148032958456568, "latitude": 27.327748374453744, "elevation_m": 1641.0, "slope_deg": 20.532771786488425, "aspect_deg": 302.27564431457762 }, "geometry": { "type": "Point", "coordinates": [ 88.148032958456568, 27.327748374453744 ] } },
{ "type": "Feature", "properties": { "is_landslide": 0, "longitude": 88.826652109317308, "latitude": 27.536328854407174, "elevation_m": 4168.0, "slope_deg": 41.53598294850655, "aspect_deg": 175.6839724801344 }, "geometry": { "type": "Point", "coordinates": [ 88.826652109317308, 27.536328854407174 ] } },
{ "type": "Feature", "properties": { "is_landslide": 0, "longitude": 88.07643596090071, "latitude": 27.095695269441183, "elevation_m": 2298.0, "slope_deg": 20.809718579598218, "aspect_deg": 322.1250163489018 }, "geometry": { "type": "Point", "coordinates": [ 88.07643596090071, 27.095695269441183 ] } },
{ "type": "Feature", "properties": { "is_landslide": 0, "longitude": 88.194470688868975, "latitude": 27.470724109600123, "elevation_m": 3853.0, "slope_deg": 4.7636416907261774, "aspect_deg": 0.0 }, "geometry": { "type": "Point", "coordinates": [ 88.194470688868975, 27.470724109600123 ] } },
{ "type": "Feature", "properties": { "is_landslide": 0, "longitude": 88.190508591692918, "latitude": 27.461911775662227, "elevation_m": 3077.0, "slope_deg": 56.29196198147811, "aspect_deg": 48.154842864791988 }, "geometry": { "type": "Point", "coordinates": [ 88.190508591692918, 27.461911775662227 ] } },
{ "type": "Feature", "properties": { "is_landslide": 0, "longitude": 88.416100354870736, "latitude": 27.195682224259293, "elevation_m": 1603.0, "slope_deg": 44.633277652561809, "aspect_deg": 338.19859051364818 }, "geometry": { "type": "Point", "coordinates": [ 88.416100354870736, 27.195682224259293 ] } },
{ "type": "Feature", "properties": { "is_landslide": 0, "longitude": 88.255932755730484, "latitude": 27.176864137860022, "elevation_m": 1108.0, "slope_deg": 32.911600832737967, "aspect_deg": 258.11134196037204 }, "geometry": { "type": "Point", "coordinates": [ 88.255932755730484, 27.176864137860022 ] } },
{ "type": "Feature", "properties": { "is_landslide": 0, "longitude": 88.579682397800738, "latitude": 27.51976860190517, "elevation_m": 1243.0, "slope_deg": 14.506372352544124, "aspect_deg": 165.06858282186244 }, "geometry": { "type": "Point", "coordinates": [ 88.579682397800738, 27.51976860190517 ] } },
{ "type": "Feature", "properties": { "is_landslide": 0, "longitude": 88.864319427909095, "latitude": 27.277504547168409, "elevation_m": 3253.0, "slope_deg": 29.833768779920437, "aspect_deg": 234.46232220802563 }, "geometry": { "type": "Point", "coordinates": [ 88.864319427909095, 27.277504547168409 ] } },
{ "type": "Feature", "properties": { "is_landslide": 0, "longitude": 88.34785847642415, "latitude": 27.098854078714158, "elevation_m": 419.0, "slope_deg": 32.103516272985047, "aspect_deg": 230.3893117599734 }, "geometry": { "type": "Point", "coordinates": [ 88.34785847642415, 27.098854078714158 ] } },
{ "type": "Feature", "properties": { "is_landslide": 0, "longitude": 88.105323693158937, "latitude": 27.326645981805839, "elevation_m": 3395.0, "slope_deg": 73.076323833299938, "aspect_deg": 310.47523152716576 }, "geometry": { "type": "Point", "coordinates": [ 88.105323693158937, 27.326645981805839 ] } },
{ "type": "Feature", "properties": { "is_landslide": 0, "longitude": 88.227977629132099, "latitude": 27.354366996831224, "elevation_m": 1322.0, "slope_deg": 6.8532248351212912, "aspect_deg": 326.30993247402023 }, "geometry": { "type": "Point", "coordinates": [ 88.227977629132099, 27.354366996831224 ] } },
{ "type": "Feature", "properties": { "is_landslide": 0, "longitude": 88.306495846663267, "latitude": 27.480516542340329, "elevation_m": 4112.0, "slope_deg": 45.611398687284385, "aspect_deg": 61.762554461832735 }, "geometry": { "type": "Point", "coordinates": [ 88.306495846663267, 27.480516542340329 ] } },
{ "type": "Feature", "properties": { "is_landslide": 0, "longitude": 88.258190345688163, "latitude": 27.18768495259539, "elevation_m": 1687.0, "slope_deg": 44.621027275493667, "aspect_deg": 355.15599962491933 }, "geometry": { "type": "Point", "coordinates": [ 88.258190345688163, 27.18768495259539 ] } },
{ "type": "Feature", "properties": { "is_landslide": 0, "longitude": 88.328533549512727, "latitude": 27.388600078956603, "elevation_m": 1563.0, "slope_deg": 42.031113774197287, "aspect_deg": 289.44003482817618 }, "geometry": { "type": "Point", "coordinates": [ 88.328533549512727, 27.388600078956603 ] } },
{ "type": "Feature", "properties": { "is_landslide": 0, "longitude": 88.280754134133048, "latitude": 27.36286431400173, "elevation_m": 1858.0, "slope_deg": 23.428692808745403, "aspect_deg": 180.0 }, "geometry": { "type": "Point", "coordinates": [ 88.280754134133048, 27.36286431400173 ] } },
{ "type": "Feature", "properties": { "is_landslide": 0, "longitude": 88.686643698860607, "latitude": 27.420122797630533, "elevation_m": 3073.0, "slope_deg": 26.126317264569018, "aspect_deg": 170.21759296819272 }, "geometry": { "type": "Point", "coordinates": [ 88.686643698860607, 27.420122797630533 ] } },
{ "type": "Feature", "properties": { "is_landslide": 0, "longitude": 88.876027410064438, "latitude": 27.086774682170113, "elevation_m": 574.0, "slope_deg": 38.248084928341896, "aspect_deg": 103.44861505168652 }, "geometry": { "type": "Point", "coordinates": [ 88.876027410064438, 27.086774682170113 ] } },
{ "type": "Feature", "properties": { "is_landslide": 0, "longitude": 88.656062869309807, "latitude": 27.300024568673656, "elevation_m": 1623.0, "slope_deg": 32.667159071642764, "aspect_deg": 351.0273733851036 }, "geometry": { "type": "Point", "coordinates": [ 88.656062869309807, 27.300024568673656 ] } },
{ "type": "Feature", "properties": { "is_landslide": 0, "longitude": 88.114246041696035, "latitude": 27.495311931311015, "elevation_m": 4634.0, "slope_deg": 35.918712572866035, "aspect_deg": 336.97450799147197 }, "geometry": { "type": "Point", "coordinates": [ 88.114246041696035, 27.495311931311015 ] } },
{ "type": "Feature", "properties": { "is_landslide": 0, "longitude": 88.429243405819975, "latitude": 27.478074869358437, "elevation_m": 2157.0, "slope_deg": 33.573963453775399, "aspect_deg": 208.49563861824498 }, "geometry": { "type": "Point", "coordinates": [ 88.429243405819975, 27.478074869358437 ] } },
{ "type": "Feature", "properties": { "is_landslide": 0, "longitude": 88.108071117900593, "latitude": 27.207669155969853, "elevation_m": 3092.0, "slope_deg": 19.290046219188735, "aspect_deg": 180.0 }, "geometry": { "type": "Point", "coordinates": [ 88.108071117900593, 27.207669155969853 ] } },
{ "type": "Feature", "properties": { "is_landslide": 0, "longitude": 88.472893992541145, "latitude": 27.197307518830076, "elevation_m": 556.0, "slope_deg": 32.746126655516882, "aspect_deg": 211.21840276434637 }, "geometry": { "type": "Point", "coordinates": [ 88.472893992541145, 27.197307518830076 ] } },
{ "type": "Feature", "properties": { "is_landslide": 0, "longitude": 88.718148703571359, "latitude": 27.369914262391621, "elevation_m": 3169.0, "slope_deg": 12.53638838286113, "aspect_deg": 347.00538320808352 }, "geometry": { "type": "Point", "coordinates": [ 88.718148703571359, 27.369914262391621 ] } },
{ "type": "Feature", "properties": { "is_landslide": 0, "longitude": 88.619856881542574, "latitude": 27.109188992717886, "elevation_m": 1493.0, "slope_deg": 23.273326481355983, "aspect_deg": 125.53767779197437 }, "geometry": { "type": "Point", "coordinates": [ 88.619856881542574, 27.109188992717886 ] } },
{ "type": "Feature", "properties": { "is_landslide": 0, "longitude": 88.878252516098428, "latitude": 27.331305961502455, "elevation_m": 4132.0, "slope_deg": 11.309932474020215, "aspect_deg": 180.0 }, "geometry": { "type": "Point", "coordinates": [ 88.878252516098428, 27.331305961502455 ] } },
{ "type": "Feature", "properties": { "is_landslide": 0, "longitude": 88.460896268789469, "latitude": 27.231112435540254, "elevation_m": 1268.0, "slope_deg": 16.428860704621638, "aspect_deg": 227.29061004263852 }, "geometry": { "type": "Point", "coordinates": [ 88.460896268789469, 27.231112435540254 ] } },
{ "type": "Feature", "properties": { "is_landslide": 0, "longitude": 88.516491025561265, "latitude": 27.331585196786449, "elevation_m": 1830.0, "slope_deg": 15.042369244334244, "aspect_deg": 82.874983651098205 }, "geometry": { "type": "Point", "coordinates": [ 88.516491025561265, 27.331585196786449 ] } },
{ "type": "Feature", "properties": { "is_landslide": 0, "longitude": 88.600160285527707, "latitude": 27.46754487466486, "elevation_m": 2835.0, "slope_deg": 13.421509132977462, "aspect_deg": 102.0947570770121 }, "geometry": { "type": "Point", "coordinates": [ 88.600160285527707, 27.46754487466486 ] } },
{ "type": "Feature", "properties": { "is_landslide": 0, "longitude": 88.212573090336846, "latitude": 27.089890640521983, "elevation_m": 924.0, "slope_deg": 23.490416068641593, "aspect_deg": 32.471192290848478 }, "geometry": { "type": "Point", "coordinates": [ 88.212573090336846, 27.089890640521983 ] } },
{ "type": "Feature", "properties": { "is_landslide": 0, "longitude": 88.845572223657115, "latitude": 27.136098728315471, "elevation_m": 1152.0, "slope_deg": 24.805474401698422, "aspect_deg": 205.6410058243053 }, "geometry": { "type": "Point", "coordinates": [ 88.845572223657115, 27.136098728315471 ] } },
{ "type": "Feature", "properties": { "is_landslide": 0, "longitude": 88.635237247565499, "latitude": 27.200099950821571, "elevation_m": 530.0, "slope_deg": 11.038532615965034, "aspect_deg": 340.01689347810003 }, "geometry": { "type": "Point", "coordinates": [ 88.635237247565499, 27.200099950821571 ] } },
{ "type": "Feature", "properties": { "is_landslide": 0, "longitude": 88.332384976391054, "latitude": 27.229202611526926, "elevation_m": 1796.0, "slope_deg": 44.118071683689635, "aspect_deg": 28.767649338843796 }, "geometry": { "type": "Point", "coordinates": [ 88.332384976391054, 27.229202611526926 ] } },
{ "type": "Feature", "properties": { "is_landslide": 0, "longitude": 88.81092377487461, "latitude": 27.534507423252343, "elevation_m": 4538.0, "slope_deg": 32.401162502089626, "aspect_deg": 209.9315118405078 }, "geometry": { "type": "Point", "coordinates": [ 88.81092377487461, 27.534507423252343 ] } },
{ "type": "Feature", "properties": { "is_landslide": 0, "longitude": 88.340615111544082, "latitude": 27.225112820288679, "elevation_m": 1659.0, "slope_deg": 37.199219252897393, "aspect_deg": 19.2306723756613 }, "geometry": { "type": "Point", "coordinates": [ 88.340615111544082, 27.225112820288679 ] } },
{ "type": "Feature", "properties": { "is_landslide": 0, "longitude": 88.291025879209855, "latitude": 27.28357813718484, "elevation_m": 1104.0, "slope_deg": 30.418494611596426, "aspect_deg": 96.519801751656985 }, "geometry": { "type": "Point", "coordinates": [ 88.291025879209855, 27.28357813718484 ] } },
{ "type": "Feature", "properties": { "is_landslide": 0, "longitude": 88.117884008944657, "latitude": 27.467543306728231, "elevation_m": 3797.0, "slope_deg": 15.503408837548553, "aspect_deg": 327.26477372789242 }, "geometry": { "type": "Point", "coordinates": [ 88.117884008944657, 27.467543306728231 ] } },
{ "type": "Feature", "properties": { "is_landslide": 0, "longitude": 88.522669751617059, "latitude": 27.277888784803807, "elevation_m": 1319.0, "slope_deg": 21.31357434104547, "aspect_deg": 19.98310652189997 }, "geometry": { "type": "Point", "coordinates": [ 88.522669751617059, 27.277888784803807 ] } },
{ "type": "Feature", "properties": { "is_landslide": 0, "longitude": 88.878242181331871, "latitude": 27.192165038504701, "elevation_m": 1824.0, "slope_deg": 16.228736705934203, "aspect_deg": 246.37062226934319 }, "geometry": { "type": "Point", "coordinates": [ 88.878242181331871, 27.192165038504701 ] } },
{ "type": "Feature", "properties": { "is_landslide": 0, "longitude": 88.085187193546915, "latitude": 27.090782216645433, "elevation_m": 1831.0, "slope_deg": 34.154449747311389, "aspect_deg": 27.824096384253266 }, "geometry": { "type": "Point", "coordinates": [ 88.085187193546915, 27.090782216645433 ] } },
{ "type": "Feature", "properties": { "is_landslide": 0, "longitude": 88.102966971925269, "latitude": 27.272502161037817, "elevation_m": 1750.0, "slope_deg": 24.168813435810112, "aspect_deg": 254.9315118405078 }, "geometry": { "type": "Point", "coordinates": [ 88.102966971925269, 27.272502161037817 ] } },
{ "type": "Feature", "properties": { "is_landslide": 0, "longitude": 88.0868849842592, "latitude": 27.106336383791753, "elevation_m": 2432.0, "slope_deg": 28.665750219765908, "aspect_deg": 307.56859202882748 }, "geometry": { "type": "Point", "coordinates": [ 88.0868849842592, 27.106336383791753 ] } },
{ "type": "Feature", "properties": { "is_landslide": 0, "longitude": 88.793301275203902, "latitude": 27.093179731370533, "elevation_m": 2089.0, "slope_deg": 20.991582376941242, "aspect_deg": 214.38034472384487 }, "geometry": { "type": "Point", "coordinates": [ 88.793301275203902, 27.093179731370533 ] } },
{ "type": "Feature", "properties": { "is_landslide": 0, "longitude": 88.810291585845476, "latitude": 27.331842284955915, "elevation_m": 3580.0, "slope_deg": 15.896959679954522, "aspect_deg": 110.55604521958347 }, "geometry": { "type": "Point", "coordinates": [ 88.810291585845476, 27.331842284955915 ] } },
{ "type": "Feature", "properties": { "is_landslide": 0, "longitude": 88.159968297011233, "latitude": 27.528354709681167, "elevation_m": 4382.0, "slope_deg": 27.360321545332805, "aspect_deg": 255.06858282186246 }, "geometry": { "type": "Point", "coordinates": [ 88.159968297011233, 27.528354709681167 ] } },
{ "type": "Feature", "properties": { "is_landslide": 0, "longitude": 88.793866107560831, "latitude": 27.530042103398024, "elevation_m": 4893.0, "slope_deg": 30.973505797181858, "aspect_deg": 268.4088597288054 }, "geometry": { "type": "Point", "coordinates": [ 88.793866107560831, 27.530042103398024 ] } },
{ "type": "Feature", "properties": { "is_landslide": 0, "longitude": 88.805769944893569, "latitude": 27.188981343755565, "elevation_m": 2484.0, "slope_deg": 34.730518200788445, "aspect_deg": 170.31121343963321 }, "geometry": { "type": "Point", "coordinates": [ 88.805769944893569, 27.188981343755565 ] } },
{ "type": "Feature", "properties": { "is_landslide": 0, "longitude": 88.148013256687975, "latitude": 27.411578493723464, "elevation_m": 3301.0, "slope_deg": 31.244175851188178, "aspect_deg": 200.92450174492117 }, "geometry": { "type": "Point", "coordinates": [ 88.148013256687975, 27.411578493723464 ] } },
{ "type": "Feature", "properties": { "is_landslide": 0, "longitude": 88.420573821417378, "latitude": 27.237564173726668, "elevation_m": 1568.0, "slope_deg": 15.06995574963759, "aspect_deg": 248.19859051364818 }, "geometry": { "type": "Point", "coordinates": [ 88.420573821417378, 27.237564173726668 ] } },
{ "type": "Feature", "properties": { "is_landslide": 0, "longitude": 88.594217353285941, "latitude": 27.277514115681306, "elevation_m": 794.0, "slope_deg": 16.723558006484023, "aspect_deg": 93.179830119864235 }, "geometry": { "type": "Point", "coordinates": [ 88.594217353285941, 27.277514115681306 ] } },
{ "type": "Feature", "properties": { "is_landslide": 0, "longitude": 88.079951774554075, "latitude": 27.143537844134581, "elevation_m": 2245.0, "slope_deg": 15.845167180271268, "aspect_deg": 266.63353933657015 }, "geometry": { "type": "Point", "coordinates": [ 88.079951774554075, 27.143537844134581 ] } },
{ "type": "Feature", "properties": { "is_landslide": 0, "longitude": 88.697619552209844, "latitude": 27.349468807175697, "elevation_m": 2880.0, "slope_deg": 23.021526638116168, "aspect_deg": 348.69006752597977 }, "geometry": { "type": "Point", "coordinates": [ 88.697619552209844, 27.349468807175697 ] } },
{ "type": "Feature", "properties": { "is_landslide": 0, "longitude": 88.449522251894265, "latitude": 27.321536481113931, "elevation_m": 679.0, "slope_deg": 29.346331162468683, "aspect_deg": 348.02386755579664 }, "geometry": { "type": "Point", "coordinates": [ 88.449522251894265, 27.321536481113931 ] } },
{ "type": "Feature", "properties": { "is_landslide": 0, "longitude": 88.180680693471416, "latitude": 27.306323490857352, "elevation_m": 1449.0, "slope_deg": 35.63524161504921, "aspect_deg": 215.53767779197437 }, "geometry": { "type": "Point", "coordinates": [ 88.180680693471416, 27.306323490857352 ] } },
{ "type": "Feature", "properties": { "is_landslide": 0, "longitude": 88.279837061240826, "latitude": 27.108427841717418, "elevation_m": 738.0, "slope_deg": 16.253917058152773, "aspect_deg": 300.96375653207349 }, "geometry": { "type": "Point", "coordinates": [ 88.279837061240826, 27.108427841717418 ] } },
{ "type": "Feature", "properties": { "is_landslide": 0, "longitude": 88.097983160599028, "latitude": 27.095402981983923, "elevation_m": 1606.0, "slope_deg": 30.133843411422752, "aspect_deg": 219.17365797044422 }, "geometry": { "type": "Point", "coordinates": [ 88.097983160599028, 27.095402981983923 ] } },
{ "type": "Feature", "properties": { "is_landslide": 0, "longitude": 88.300403997675645, "latitude": 27.11645474330987, "elevation_m": 551.0, "slope_deg": 29.346331162468683, "aspect_deg": 11.976132444203358 }, "geometry": { "type": "Point", "coordinates": [ 88.300403997675645, 27.11645474330987 ] } },
{ "type": "Feature", "properties": { "is_landslide": 0, "longitude": 88.423114996669753, "latitude": 27.103876359585648, "elevation_m": 868.0, "slope_deg": 28.987578250072634, "aspect_deg": 15.708637829015743 }, "geometry": { "type": "Point", "coordinates": [ 88.423114996669753, 27.103876359585648 ] } },
{ "type": "Feature", "properties": { "is_landslide": 0, "longitude": 88.21068360420864, "latitude": 27.221174635928538, "elevation_m": 1828.0, "slope_deg": 44.033233011276508, "aspect_deg": 324.11786275379575 }, "geometry": { "type": "Point", "coordinates": [ 88.21068360420864, 27.221174635928538 ] } },
{ "type": "Feature", "properties": { "is_landslide": 0, "longitude": 88.859858342783525, "latitude": 27.502607368785153, "elevation_m": 4050.0, "slope_deg": 36.491988188351328, "aspect_deg": 247.47943439710312 }, "geometry": { "type": "Point", "coordinates": [ 88.859858342783525, 27.502607368785153 ] } },
{ "type": "Feature", "properties": { "is_landslide": 0, "longitude": 88.732167385799286, "latitude": 27.381326038691839, "elevation_m": 3452.0, "slope_deg": 16.723558006484019, "aspect_deg": 109.44003482817619 }, "geometry": { "type": "Point", "coordinates": [ 88.732167385799286, 27.381326038691839 ] } },
{ "type": "Feature", "properties": { "is_landslide": 0, "longitude": 88.160379689288348, "latitude": 27.384047532607887, "elevation_m": 3469.0, "slope_deg": 10.176527410054078, "aspect_deg": 68.198590513648185 }, "geometry": { "type": "Point", "coordinates": [ 88.160379689288348, 27.384047532607887 ] } },
{ "type": "Feature", "properties": { "is_landslide": 0, "longitude": 88.531053647411937, "latitude": 27.251666051003731, "elevation_m": 532.0, "slope_deg": 18.43494882292201, "aspect_deg": 270.0 }, "geometry": { "type": "Point", "coordinates": [ 88.531053647411937, 27.251666051003731 ] } },
{ "type": "Feature", "properties": { "is_landslide": 0, "longitude": 88.111513753787335, "latitude": 27.21122117032299, "elevation_m": 2998.0, "slope_deg": 11.461836902818336, "aspect_deg": 170.53767779197437 }, "geometry": { "type": "Point", "coordinates": [ 88.111513753787335, 27.21122117032299 ] } },
{ "type": "Feature", "properties": { "is_landslide": 0, "longitude": 88.667328336164204, "latitude": 27.368846994069273, "elevation_m": 2429.0, "slope_deg": 25.030890233331949, "aspect_deg": 325.17551084304318 }, "geometry": { "type": "Point", "coordinates": [ 88.667328336164204, 27.368846994069273 ] } },
{ "type": "Feature", "properties": { "is_landslide": 0, "longitude": 88.123731496004353, "latitude": 27.328105536533698, "elevation_m": 2263.0, "slope_deg": 37.534906007911765, "aspect_deg": 335.65891006330747 }, "geometry": { "type": "Point", "coordinates": [ 88.123731496004353, 27.328105536533698 ] } },
{ "type": "Feature", "properties": { "is_landslide": 0, "longitude": 88.702151094608041, "latitude": 27.441908476409743, "elevation_m": 2871.0, "slope_deg": 26.437229357181259, "aspect_deg": 256.42956561483851 }, "geometry": { "type": "Point", "coordinates": [ 88.702151094608041, 27.441908476409743 ] } },
{ "type": "Feature", "properties": { "is_landslide": 0, "longitude": 88.470980483930703, "latitude": 27.528419994444256, "elevation_m": 1464.0, "slope_deg": 43.287021345883119, "aspect_deg": 193.29857033049427 }, "geometry": { "type": "Point", "coordinates": [ 88.470980483930703, 27.528419994444256 ] } },
{ "type": "Feature", "properties": { "is_landslide": 0, "longitude": 88.66851603680152, "latitude": 27.274726296403227, "elevation_m": 2327.0, "slope_deg": 33.288523134306153, "aspect_deg": 156.03751102542182 }, "geometry": { "type": "Point", "coordinates": [ 88.66851603680152, 27.274726296403227 ] } },
{ "type": "Feature", "properties": { "is_landslide": 0, "longitude": 88.885747200022237, "latitude": 27.288683797749361, "elevation_m": 3367.0, "slope_deg": 27.944207405422539, "aspect_deg": 133.72696997994331 }, "geometry": { "type": "Point", "coordinates": [ 88.885747200022237, 27.288683797749361 ] } },
{ "type": "Feature", "properties": { "is_landslide": 0, "longitude": 88.398322929891776, "latitude": 27.533410571484037, "elevation_m": 3287.0, "slope_deg": 44.489705258681077, "aspect_deg": 284.74356283647069 }, "geometry": { "type": "Point", "coordinates": [ 88.398322929891776, 27.533410571484037 ] } },
{ "type": "Feature", "properties": { "is_landslide": 0, "longitude": 88.258036678676703, "latitude": 27.151523451168856, "elevation_m": 1408.0, "slope_deg": 22.636129876883253, "aspect_deg": 272.29061004263849 }, "geometry": { "type": "Point", "coordinates": [ 88.258036678676703, 27.151523451168856 ] } },
{ "type": "Feature", "properties": { "is_landslide": 0, "longitude": 88.683367824246034, "latitude": 27.146924494229232, "elevation_m": 1515.0, "slope_deg": 22.636129876883253, "aspect_deg": 267.70938995736151 }, "geometry": { "type": "Point", "coordinates": [ 88.683367824246034, 27.146924494229232 ] } },
{ "type": "Feature", "properties": { "is_landslide": 0, "longitude": 88.754324358239288, "latitude": 27.382991866347062, "elevation_m": 3902.0, "slope_deg": 25.8493248967401, "aspect_deg": 153.43494882292202 }, "geometry": { "type": "Point", "coordinates": [ 88.754324358239288, 27.382991866347062 ] } },
{ "type": "Feature", "properties": { "is_landslide": 0, "longitude": 88.301845080745181, "latitude": 27.478840328091618, "elevation_m": 3697.0, "slope_deg": 31.660751096636602, "aspect_deg": 108.92464441605124 }, "geometry": { "type": "Point", "coordinates": [ 88.301845080745181, 27.478840328091618 ] } },
{ "type": "Feature", "properties": { "is_landslide": 0, "longitude": 88.482928665308265, "latitude": 27.533134947454034, "elevation_m": 1107.0, "slope_deg": 20.846265656650555, "aspect_deg": 203.19859051364818 }, "geometry": { "type": "Point", "coordinates": [ 88.482928665308265, 27.533134947454034 ] } },
{ "type": "Feature", "properties": { "is_landslide": 0, "longitude": 88.434669660067698, "latitude": 27.190055546716767, "elevation_m": 948.0, "slope_deg": 27.613098503754813, "aspect_deg": 329.34933204294714 }, "geometry": { "type": "Point", "coordinates": [ 88.434669660067698, 27.190055546716767 ] } },
{ "type": "Feature", "properties": { "is_landslide": 0, "longitude": 88.53077848677853, "latitude": 27.447904780058629, "elevation_m": 1391.0, "slope_deg": 26.930191000928779, "aspect_deg": 131.00908690157021 }, "geometry": { "type": "Point", "coordinates": [ 88.53077848677853, 27.447904780058629 ] } },
{ "type": "Feature", "properties": { "is_landslide": 0, "longitude": 88.575128580924925, "latitude": 27.202075534215531, "elevation_m": 1039.0, "slope_deg": 10.555380466061173, "aspect_deg": 63.434948822922024 }, "geometry": { "type": "Point", "coordinates": [ 88.575128580924925, 27.202075534215531 ] } },
{ "type": "Feature", "properties": { "is_landslide": 0, "longitude": 88.197115712132074, "latitude": 27.406808793753971, "elevation_m": 2143.0, "slope_deg": 59.526028113537947, "aspect_deg": 243.18365315571307 }, "geometry": { "type": "Point", "coordinates": [ 88.197115712132074, 27.406808793753971 ] } },
{ "type": "Feature", "properties": { "is_landslide": 0, "longitude": 88.09463464895137, "latitude": 27.199849425894513, "elevation_m": 2804.0, "slope_deg": 25.030890233331949, "aspect_deg": 87.954591511112767 }, "geometry": { "type": "Point", "coordinates": [ 88.09463464895137, 27.199849425894513 ] } },
{ "type": "Feature", "properties": { "is_landslide": 0, "longitude": 88.106979729836993, "latitude": 27.419586783269548, "elevation_m": 4260.0, "slope_deg": 15.42324502154344, "aspect_deg": 334.98310652189997 }, "geometry": { "type": "Point", "coordinates": [ 88.106979729836993, 27.419586783269548 ] } },
{ "type": "Feature", "properties": { "is_landslide": 0, "longitude": 88.813712058770378, "latitude": 27.492605756703188, "elevation_m": 4803.0, "slope_deg": 33.895369633008009, "aspect_deg": 330.25511870305775 }, "geometry": { "type": "Point", "coordinates": [ 88.813712058770378, 27.492605756703188 ] } },
{ "type": "Feature", "properties": { "is_landslide": 0, "longitude": 88.668030554320836, "latitude": 27.531474584334291, "elevation_m": 2085.0, "slope_deg": 21.954998832237575, "aspect_deg": 209.74488129694222 }, "geometry": { "type": "Point", "coordinates": [ 88.668030554320836, 27.531474584334291 ] } },
{ "type": "Feature", "properties": { "is_landslide": 0, "longitude": 88.281213394196044, "latitude": 27.347662917419132, "elevation_m": 1672.0, "slope_deg": 20.607120971804857, "aspect_deg": 102.80426606528675 }, "geometry": { "type": "Point", "coordinates": [ 88.281213394196044, 27.347662917419132 ] } },
{ "type": "Feature", "properties": { "is_landslide": 0, "longitude": 88.459488443763732, "latitude": 27.272448495989433, "elevation_m": 1333.0, "slope_deg": 21.189159101421389, "aspect_deg": 154.53665493812838 }, "geometry": { "type": "Point", "coordinates": [ 88.459488443763732, 27.272448495989433 ] } },
{ "type": "Feature", "properties": { "is_landslide": 0, "longitude": 88.296172985513124, "latitude": 27.20878425260333, "elevation_m": 812.0, "slope_deg": 18.434948822922014, "aspect_deg": 233.13010235415598 }, "geometry": { "type": "Point", "coordinates": [ 88.296172985513124, 27.20878425260333 ] } },
{ "type": "Feature", "properties": { "is_landslide": 0, "longitude": 88.535627235361076, "latitude": 27.282184365884561, "elevation_m": 1402.0, "slope_deg": 25.349520331511918, "aspect_deg": 320.71059313749964 }, "geometry": { "type": "Point", "coordinates": [ 88.535627235361076, 27.282184365884561 ] } },
{ "type": "Feature", "properties": { "is_landslide": 0, "longitude": 88.875641634086691, "latitude": 27.130119691309474, "elevation_m": 1058.0, "slope_deg": 31.463241537372561, "aspect_deg": 29.357753542791272 }, "geometry": { "type": "Point", "coordinates": [ 88.875641634086691, 27.130119691309474 ] } },
{ "type": "Feature", "properties": { "is_landslide": 0, "longitude": 88.832195530510262, "latitude": 27.092645445999466, "elevation_m": 1468.0, "slope_deg": 31.244175851188185, "aspect_deg": 195.94539590092285 }, "geometry": { "type": "Point", "coordinates": [ 88.832195530510262, 27.092645445999466 ] } },
{ "type": "Feature", "properties": { "is_landslide": 0, "longitude": 88.484153353573348, "latitude": 27.371402499175403, "elevation_m": 686.0, "slope_deg": 23.397741000263863, "aspect_deg": 105.64224645720873 }, "geometry": { "type": "Point", "coordinates": [ 88.484153353573348, 27.371402499175403 ] } },
{ "type": "Feature", "properties": { "is_landslide": 0, "longitude": 88.204589896357945, "latitude": 27.313945639969827, "elevation_m": 1369.0, "slope_deg": 28.072486935852957, "aspect_deg": 180.0 }, "geometry": { "type": "Point", "coordinates": [ 88.204589896357945, 27.313945639969827 ] } },
{ "type": "Feature", "properties": { "is_landslide": 0, "longitude": 88.124262586055281, "latitude": 27.273735452641361, "elevation_m": 1736.0, "slope_deg": 34.250554934973977, "aspect_deg": 21.540975918538436 }, "geometry": { "type": "Point", "coordinates": [ 88.124262586055281, 27.273735452641361 ] } },
{ "type": "Feature", "properties": { "is_landslide": 0, "longitude": 88.815674259142966, "latitude": 27.434195291783659, "elevation_m": 4349.0, "slope_deg": 27.990970091758022, "aspect_deg": 138.81407483429035 }, "geometry": { "type": "Point", "coordinates": [ 88.815674259142966, 27.434195291783659 ] } },
{ "type": "Feature", "properties": { "is_landslide": 0, "longitude": 88.706529178962882, "latitude": 27.236755726038563, "elevation_m": 1077.0, "slope_deg": 29.885895730212741, "aspect_deg": 330.4612177404419 }, "geometry": { "type": "Point", "coordinates": [ 88.706529178962882, 27.236755726038563 ] } },
{ "type": "Feature", "properties": { "is_landslide": 0, "longitude": 88.572940119114762, "latitude": 27.337691290141557, "elevation_m": 1627.0, "slope_deg": 20.307500221928045, "aspect_deg": 324.16234704572173 }, "geometry": { "type": "Point", "coordinates": [ 88.572940119114762, 27.337691290141557 ] } },
{ "type": "Feature", "properties": { "is_landslide": 0, "longitude": 88.451395774372514, "latitude": 27.135961389322805, "elevation_m": 617.0, "slope_deg": 21.419418908984124, "aspect_deg": 257.73522627210764 }, "geometry": { "type": "Point", "coordinates": [ 88.451395774372514, 27.135961389322805 ] } },
{ "type": "Feature", "properties": { "is_landslide": 0, "longitude": 88.320578276017542, "latitude": 27.120054288746577, "elevation_m": 298.0, "slope_deg": 26.628589703310887, "aspect_deg": 21.44773632710536 }, "geometry": { "type": "Point", "coordinates": [ 88.320578276017542, 27.120054288746577 ] } },
{ "type": "Feature", "properties": { "is_landslide": 0, "longitude": 88.396385115057285, "latitude": 27.450336965959966, "elevation_m": 2983.0, "slope_deg": 49.1095585689283, "aspect_deg": 69.734302529052513 }, "geometry": { "type": "Point", "coordinates": [ 88.396385115057285, 27.450336965959966 ] } },
{ "type": "Feature", "properties": { "is_landslide": 0, "longitude": 88.672412042712281, "latitude": 27.36536528726592, "elevation_m": 2245.0, "slope_deg": 29.08619467351647, "aspect_deg": 351.38435181583588 }, "geometry": { "type": "Point", "coordinates": [ 88.672412042712281, 27.36536528726592 ] } },
{ "type": "Feature", "properties": { "is_landslide": 0, "longitude": 88.475890142964062, "latitude": 27.314629826494258, "elevation_m": 1036.0, "slope_deg": 17.387333467314576, "aspect_deg": 154.79887635452491 }, "geometry": { "type": "Point", "coordinates": [ 88.475890142964062, 27.314629826494258 ] } },
{ "type": "Feature", "properties": { "is_landslide": 0, "longitude": 88.445518061964933, "latitude": 27.190161022279881, "elevation_m": 768.0, "slope_deg": 28.084099366691156, "aspect_deg": 345.52970589993413 }, "geometry": { "type": "Point", "coordinates": [ 88.445518061964933, 27.190161022279881 ] } },
{ "type": "Feature", "properties": { "is_landslide": 0, "longitude": 88.7345716876886, "latitude": 27.144541465436571, "elevation_m": 2550.0, "slope_deg": 27.990970091758022, "aspect_deg": 138.81407483429035 }, "geometry": { "type": "Point", "coordinates": [ 88.7345716876886, 27.144541465436571 ] } },
{ "type": "Feature", "properties": { "is_landslide": 0, "longitude": 88.774307542673839, "latitude": 27.189470322563864, "elevation_m": 2590.0, "slope_deg": 21.260377126997213, "aspect_deg": 223.26429541107163 }, "geometry": { "type": "Point", "coordinates": [ 88.774307542673839, 27.189470322563864 ] } },
{ "type": "Feature", "properties": { "is_landslide": 0, "longitude": 88.460824806426402, "latitude": 27.110144273512894, "elevation_m": 485.0, "slope_deg": 35.113638216485604, "aspect_deg": 185.44033203100551 }, "geometry": { "type": "Point", "coordinates": [ 88.460824806426402, 27.110144273512894 ] } },
{ "type": "Feature", "properties": { "is_landslide": 0, "longitude": 88.78199464939037, "latitude": 27.515477104287687, "elevation_m": 4475.0, "slope_deg": 29.58124669955053, "aspect_deg": 139.76364169072619 }, "geometry": { "type": "Point", "coordinates": [ 88.78199464939037, 27.515477104287687 ] } },
{ "type": "Feature", "properties": { "is_landslide": 0, "longitude": 88.416436491335219, "latitude": 27.291473992933028, "elevation_m": 1445.0, "slope_deg": 12.772578169490426, "aspect_deg": 252.89727103094762 }, "geometry": { "type": "Point", "coordinates": [ 88.416436491335219, 27.291473992933028 ] } },
{ "type": "Feature", "properties": { "is_landslide": 0, "longitude": 88.74160432066914, "latitude": 27.186361762620415, "elevation_m": 1752.0, "slope_deg": 43.025065989118026, "aspect_deg": 0.0 }, "geometry": { "type": "Point", "coordinates": [ 88.74160432066914, 27.186361762620415 ] } },
{ "type": "Feature", "properties": { "is_landslide": 0, "longitude": 88.77833131198642, "latitude": 27.305901634878893, "elevation_m": 3207.0, "slope_deg": 22.290970374758974, "aspect_deg": 116.56505117707799 }, "geometry": { "type": "Point", "coordinates": [ 88.77833131198642, 27.305901634878893 ] } },
{ "type": "Feature", "properties": { "is_landslide": 0, "longitude": 88.294583592457414, "latitude": 27.52103117748824, "elevation_m": 4878.0, "slope_deg": 21.31357434104547, "aspect_deg": 289.98310652189997 }, "geometry": { "type": "Point", "coordinates": [ 88.294583592457414, 27.52103117748824 ] } },
{ "type": "Feature", "properties": { "is_landslide": 0, "longitude": 88.729923132196276, "latitude": 27.326367461540595, "elevation_m": 2582.0, "slope_deg": 41.85966196264453, "aspect_deg": 18.434948822922024 }, "geometry": { "type": "Point", "coordinates": [ 88.729923132196276, 27.326367461540595 ] } },
{ "type": "Feature", "properties": { "is_landslide": 0, "longitude": 88.207137122925687, "latitude": 27.147345454005354, "elevation_m": 677.0, "slope_deg": 7.6530487205434126, "aspect_deg": 352.8749836510982 }, "geometry": { "type": "Point", "coordinates": [ 88.207137122925687, 27.147345454005354 ] } },
{ "type": "Feature", "properties": { "is_landslide": 0, "longitude": 88.453917389804076, "latitude": 27.208305935483999, "elevation_m": 1362.0, "slope_deg": 43.684498052900111, "aspect_deg": 299.24882633654693 }, "geometry": { "type": "Point", "coordinates": [ 88.453917389804076, 27.208305935483999 ] } },
{ "type": "Feature", "properties": { "is_landslide": 0, "longitude": 88.345629452760065, "latitude": 27.405641909437087, "elevation_m": 1863.0, "slope_deg": 17.387333467314576, "aspect_deg": 295.20112364547504 }, "geometry": { "type": "Point", "coordinates": [ 88.345629452760065, 27.405641909437087 ] } },
{ "type": "Feature", "properties": { "is_landslide": 0, "longitude": 88.669669045615947, "latitude": 27.449777200434237, "elevation_m": 2053.0, "slope_deg": 33.101143589665263, "aspect_deg": 57.528807709151522 }, "geometry": { "type": "Point", "coordinates": [ 88.669669045615947, 27.449777200434237 ] } },
{ "type": "Feature", "properties": { "is_landslide": 0, "longitude": 88.615458514051511, "latitude": 27.151333380419825, "elevation_m": 1357.0, "slope_deg": 20.250651404968387, "aspect_deg": 251.565051177078 }, "geometry": { "type": "Point", "coordinates": [ 88.615458514051511, 27.151333380419825 ] } },
{ "type": "Feature", "properties": { "is_landslide": 0, "longitude": 88.606008591426018, "latitude": 27.396476599686171, "elevation_m": 1540.0, "slope_deg": 31.576393336997814, "aspect_deg": 319.39870535499551 }, "geometry": { "type": "Point", "coordinates": [ 88.606008591426018, 27.396476599686171 ] } },
{ "type": "Feature", "properties": { "is_landslide": 0, "longitude": 88.61367135411362, "latitude": 27.274989995605189, "elevation_m": 1041.0, "slope_deg": 15.845167180271268, "aspect_deg": 183.36646066342979 }, "geometry": { "type": "Point", "coordinates": [ 88.61367135411362, 27.274989995605189 ] } },
{ "type": "Feature", "properties": { "is_landslide": 0, "longitude": 88.5681997525502, "latitude": 27.385545037372005, "elevation_m": 1314.0, "slope_deg": 25.688903331931808, "aspect_deg": 165.96375653207355 }, "geometry": { "type": "Point", "coordinates": [ 88.5681997525502, 27.385545037372005 ] } },
{ "type": "Feature", "properties": { "is_landslide": 0, "longitude": 88.325941049776588, "latitude": 27.404504716006425, "elevation_m": 1775.0, "slope_deg": 7.6530487205434126, "aspect_deg": 352.8749836510982 }, "geometry": { "type": "Point", "coordinates": [ 88.325941049776588, 27.404504716006425 ] } },
{ "type": "Feature", "properties": { "is_landslide": 0, "longitude": 88.234641069217417, "latitude": 27.413548611044263, "elevation_m": 3115.0, "slope_deg": 38.665872438629883, "aspect_deg": 35.676408221862005 }, "geometry": { "type": "Point", "coordinates": [ 88.234641069217417, 27.413548611044263 ] } },
{ "type": "Feature", "properties": { "is_landslide": 0, "longitude": 88.126513444014861, "latitude": 27.466413866423931, "elevation_m": 3599.0, "slope_deg": 30.61885839795703, "aspect_deg": 350.27242144859838 }, "geometry": { "type": "Point", "coordinates": [ 88.126513444014861, 27.466413866423931 ] } },
{ "type": "Feature", "properties": { "is_landslide": 0, "longitude": 88.612872509782022, "latitude": 27.2078468871631, "elevation_m": 665.0, "slope_deg": 24.634322367669885, "aspect_deg": 70.906507999514361 }, "geometry": { "type": "Point", "coordinates": [ 88.612872509782022, 27.2078468871631 ] } },
{ "type": "Feature", "properties": { "is_landslide": 0, "longitude": 88.189765480565057, "latitude": 27.476849506470536, "elevation_m": 3490.0, "slope_deg": 48.107185298825733, "aspect_deg": 58.448615051686488 }, "geometry": { "type": "Point", "coordinates": [ 88.189765480565057, 27.476849506470536 ] } },
{ "type": "Feature", "properties": { "is_landslide": 0, "longitude": 88.622338784049063, "latitude": 27.536340864960252, "elevation_m": 1562.0, "slope_deg": 17.775317038209, "aspect_deg": 171.0273733851036 }, "geometry": { "type": "Point", "coordinates": [ 88.622338784049063, 27.536340864960252 ] } },
{ "type": "Feature", "properties": { "is_landslide": 0, "longitude": 88.534884446350688, "latitude": 27.149004815068302, "elevation_m": 354.0, "slope_deg": 26.628589703310887, "aspect_deg": 105.42216131873867 }, "geometry": { "type": "Point", "coordinates": [ 88.534884446350688, 27.149004815068302 ] } },
{ "type": "Feature", "properties": { "is_landslide": 0, "longitude": 88.120607413602087, "latitude": 27.201816329113509, "elevation_m": 2909.0, "slope_deg": 25.142430490543429, "aspect_deg": 286.50436138175502 }, "geometry": { "type": "Point", "coordinates": [ 88.120607413602087, 27.201816329113509 ] } },
{ "type": "Feature", "properties": { "is_landslide": 0, "longitude": 88.127685030518052, "latitude": 27.187663006901264, "elevation_m": 2442.0, "slope_deg": 35.889866740432147, "aspect_deg": 218.45370921670599 }, "geometry": { "type": "Point", "coordinates": [ 88.127685030518052, 27.187663006901264 ] } },
{ "type": "Feature", "properties": { "is_landslide": 0, "longitude": 88.643450831456732, "latitude": 27.225121166314224, "elevation_m": 935.0, "slope_deg": 21.189159101421389, "aspect_deg": 295.46334506187156 }, "geometry": { "type": "Point", "coordinates": [ 88.643450831456732, 27.225121166314224 ] } },
{ "type": "Feature", "properties": { "is_landslide": 0, "longitude": 88.321497220297331, "latitude": 27.32243539647634, "elevation_m": 1594.0, "slope_deg": 23.195068590140778, "aspect_deg": 13.495733280795832 }, "geometry": { "type": "Point", "coordinates": [ 88.321497220297331, 27.32243539647634 ] } },
{ "type": "Feature", "properties": { "is_landslide": 0, "longitude": 88.223031454878992, "latitude": 27.422947892754173, "elevation_m": 3536.0, "slope_deg": 28.632096976803734, "aspect_deg": 12.33908727832619 }, "geometry": { "type": "Point", "coordinates": [ 88.223031454878992, 27.422947892754173 ] } },
{ "type": "Feature", "properties": { "is_landslide": 0, "longitude": 88.675277443310293, "latitude": 27.252639090397157, "elevation_m": 2007.0, "slope_deg": 42.878527932540862, "aspect_deg": 21.037511025421793 }, "geometry": { "type": "Point", "coordinates": [ 88.675277443310293, 27.252639090397157 ] } },
{ "type": "Feature", "properties": { "is_landslide": 0, "longitude": 88.806785610778888, "latitude": 27.510890114412415, "elevation_m": 4794.0, "slope_deg": 27.40876997825205, "aspect_deg": 135.0 }, "geometry": { "type": "Point", "coordinates": [ 88.806785610778888, 27.510890114412415 ] } },
{ "type": "Feature", "properties": { "is_landslide": 0, "longitude": 88.453880832155946, "latitude": 27.352909298605983, "elevation_m": 1226.0, "slope_deg": 29.58124669955053, "aspect_deg": 273.36646066342985 }, "geometry": { "type": "Point", "coordinates": [ 88.453880832155946, 27.352909298605983 ] } },
{ "type": "Feature", "properties": { "is_landslide": 0, "longitude": 88.403323852741835, "latitude": 27.525451011543954, "elevation_m": 2784.0, "slope_deg": 16.723558006484023, "aspect_deg": 3.1798301198642207 }, "geometry": { "type": "Point", "coordinates": [ 88.403323852741835, 27.525451011543954 ] } },
{ "type": "Feature", "properties": { "is_landslide": 0, "longitude": 88.49676498508353, "latitude": 27.204347042837586, "elevation_m": 728.0, "slope_deg": 27.565248984490395, "aspect_deg": 16.699244233993625 }, "geometry": { "type": "Point", "coordinates": [ 88.49676498508353, 27.204347042837586 ] } },
{ "type": "Feature", "properties": { "is_landslide": 0, "longitude": 88.4065096622666, "latitude": 27.29962089877478, "elevation_m": 1814.0, "slope_deg": 34.838705511173622, "aspect_deg": 286.69924423399362 }, "geometry": { "type": "Point", "coordinates": [ 88.4065096622666, 27.29962089877478 ] } },
{ "type": "Feature", "properties": { "is_landslide": 0, "longitude": 88.814711622874114, "latitude": 27.13330014212131, "elevation_m": 1522.0, "slope_deg": 9.6462253129767799, "aspect_deg": 11.309932474020229 }, "geometry": { "type": "Point", "coordinates": [ 88.814711622874114, 27.13330014212131 ] } },
{ "type": "Feature", "properties": { "is_landslide": 0, "longitude": 88.209300970438207, "latitude": 27.411596607198629, "elevation_m": 2578.0, "slope_deg": 38.519681814973914, "aspect_deg": 19.573125830410163 }, "geometry": { "type": "Point", "coordinates": [ 88.209300970438207, 27.411596607198629 ] } },
{ "type": "Feature", "properties": { "is_landslide": 0, "longitude": 88.470742403089503, "latitude": 27.426944342337531, "elevation_m": 2168.0, "slope_deg": 19.12710170142385, "aspect_deg": 234.78240703180728 }, "geometry": { "type": "Point", "coordinates": [ 88.470742403089503, 27.426944342337531 ] } },
{ "type": "Feature", "properties": { "is_landslide": 0, "longitude": 88.842773322479516, "latitude": 27.256100591393519, "elevation_m": 2108.0, "slope_deg": 39.289888346913934, "aspect_deg": 86.496468355215541 }, "geometry": { "type": "Point", "coordinates": [ 88.842773322479516, 27.256100591393519 ] } },
{ "type": "Feature", "properties": { "is_landslide": 0, "longitude": 88.414758506172063, "latitude": 27.250001880060491, "elevation_m": 886.0, "slope_deg": 65.955415797600793, "aspect_deg": 159.54368623672198 }, "geometry": { "type": "Point", "coordinates": [ 88.414758506172063, 27.250001880060491 ] } },
{ "type": "Feature", "properties": { "is_landslide": 0, "longitude": 88.523547281733769, "latitude": 27.137155383948429, "elevation_m": 645.0, "slope_deg": 26.930191000928779, "aspect_deg": 138.99091309842979 }, "geometry": { "type": "Point", "coordinates": [ 88.523547281733769, 27.137155383948429 ] } },
{ "type": "Feature", "properties": { "is_landslide": 0, "longitude": 88.185434244121922, "latitude": 27.175990025516064, "elevation_m": 2019.0, "slope_deg": 12.260147486012336, "aspect_deg": 355.60129464500449 }, "geometry": { "type": "Point", "coordinates": [ 88.185434244121922, 27.175990025516064 ] } },
{ "type": "Feature", "properties": { "is_landslide": 0, "longitude": 88.80780171333015, "latitude": 27.263129868812751, "elevation_m": 3279.0, "slope_deg": 26.742341557396308, "aspect_deg": 235.7842978675626 }, "geometry": { "type": "Point", "coordinates": [ 88.80780171333015, 27.263129868812751 ] } },
{ "type": "Feature", "properties": { "is_landslide": 0, "longitude": 88.174606393534049, "latitude": 27.373110873899808, "elevation_m": 2622.0, "slope_deg": 46.972675665900745, "aspect_deg": 354.6441749571448 }, "geometry": { "type": "Point", "coordinates": [ 88.174606393534049, 27.373110873899808 ] } },
{ "type": "Feature", "properties": { "is_landslide": 0, "longitude": 88.196065384712966, "latitude": 27.266384524876266, "elevation_m": 999.0, "slope_deg": 23.628423517864423, "aspect_deg": 220.36453657309735 }, "geometry": { "type": "Point", "coordinates": [ 88.196065384712966, 27.266384524876266 ] } },
{ "type": "Feature", "properties": { "is_landslide": 0, "longitude": 88.264422957962296, "latitude": 27.299831984551815, "elevation_m": 1524.0, "slope_deg": 21.559421383710824, "aspect_deg": 242.35402463626133 }, "geometry": { "type": "Point", "coordinates": [ 88.264422957962296, 27.299831984551815 ] } },
{ "type": "Feature", "properties": { "is_landslide": 0, "longitude": 88.308297791911258, "latitude": 27.5097529347468, "elevation_m": 4160.0, "slope_deg": 38.816720178578692, "aspect_deg": 256.82744657667308 }, "geometry": { "type": "Point", "coordinates": [ 88.308297791911258, 27.5097529347468 ] } },
{ "type": "Feature", "properties": { "is_landslide": 0, "longitude": 88.094720176023657, "latitude": 27.268672843905772, "elevation_m": 2014.0, "slope_deg": 14.302914425322811, "aspect_deg": 168.69006752597977 }, "geometry": { "type": "Point", "coordinates": [ 88.094720176023657, 27.268672843905772 ] } },
{ "type": "Feature", "properties": { "is_landslide": 0, "longitude": 88.637941993042489, "latitude": 27.352864342846576, "elevation_m": 2316.0, "slope_deg": 22.373844274024943, "aspect_deg": 291.37062226934319 }, "geometry": { "type": "Point", "coordinates": [ 88.637941993042489, 27.352864342846576 ] } },
{ "type": "Feature", "properties": { "is_landslide": 0, "longitude": 88.493313608534635, "latitude": 27.297279768287677, "elevation_m": 2151.0, "slope_deg": 36.505887632648864, "aspect_deg": 187.76516601842536 }, "geometry": { "type": "Point", "coordinates": [ 88.493313608534635, 27.297279768287677 ] } },
{ "type": "Feature", "properties": { "is_landslide": 0, "longitude": 88.084140312534075, "latitude": 27.532315193572096, "elevation_m": 4905.0, "slope_deg": 21.611596098722195, "aspect_deg": 247.75097634278765 }, "geometry": { "type": "Point", "coordinates": [ 88.084140312534075, 27.532315193572096 ] } },
{ "type": "Feature", "properties": { "is_landslide": 0, "longitude": 88.360620844199971, "latitude": 27.148096888062149, "elevation_m": 913.0, "slope_deg": 38.079076328995825, "aspect_deg": 1.2188752351312928 }, "geometry": { "type": "Point", "coordinates": [ 88.360620844199971, 27.148096888062149 ] } },
{ "type": "Feature", "properties": { "is_landslide": 0, "longitude": 88.477244461243302, "latitude": 27.20559007058371, "elevation_m": 705.0, "slope_deg": 39.243211551805082, "aspect_deg": 1.1691393279074305 }, "geometry": { "type": "Point", "coordinates": [ 88.477244461243302, 27.20559007058371 ] } },
{ "type": "Feature", "properties": { "is_landslide": 0, "longitude": 88.526437304828619, "latitude": 27.449566829993906, "elevation_m": 1204.0, "slope_deg": 20.532771786488425, "aspect_deg": 69.145541960421667 }, "geometry": { "type": "Point", "coordinates": [ 88.526437304828619, 27.449566829993906 ] } },
{ "type": "Feature", "properties": { "is_landslide": 0, "longitude": 88.706285383363976, "latitude": 27.527672298663827, "elevation_m": 2812.0, "slope_deg": 27.944207405422539, "aspect_deg": 136.27303002005672 }, "geometry": { "type": "Point", "coordinates": [ 88.706285383363976, 27.527672298663827 ] } },
{ "type": "Feature", "properties": { "is_landslide": 0, "longitude": 88.21167915683462, "latitude": 27.522605220780655, "elevation_m": 4990.0, "slope_deg": 23.021526638116168, "aspect_deg": 101.30993247402021 }, "geometry": { "type": "Point", "coordinates": [ 88.21167915683462, 27.522605220780655 ] } },
{ "type": "Feature", "properties": { "is_landslide": 0, "longitude": 88.871669323518134, "latitude": 27.136743823450651, "elevation_m": 1136.0, "slope_deg": 35.657224633780608, "aspect_deg": 329.26451229807992 }, "geometry": { "type": "Point", "coordinates": [ 88.871669323518134, 27.136743823450651 ] } },
{ "type": "Feature", "properties": { "is_landslide": 0, "longitude": 88.237703123975692, "latitude": 27.246059227208224, "elevation_m": 1377.0, "slope_deg": 37.997052202077718, "aspect_deg": 303.69006752597977 }, "geometry": { "type": "Point", "coordinates": [ 88.237703123975692, 27.246059227208224 ] } },
{ "type": "Feature", "properties": { "is_landslide": 0, "longitude": 88.248665175460843, "latitude": 27.475769804880336, "elevation_m": 4253.0, "slope_deg": 53.048178481838676, "aspect_deg": 352.07307331731039 }, "geometry": { "type": "Point", "coordinates": [ 88.248665175460843, 27.475769804880336 ] } },
{ "type": "Feature", "properties": { "is_landslide": 0, "longitude": 88.81460535383836, "latitude": 27.303678565813957, "elevation_m": 3720.0, "slope_deg": 6.3793702084428041, "aspect_deg": 153.43494882292202 }, "geometry": { "type": "Point", "coordinates": [ 88.81460535383836, 27.303678565813957 ] } },
{ "type": "Feature", "properties": { "is_landslide": 0, "longitude": 88.581374518679652, "latitude": 27.476363725163434, "elevation_m": 2449.0, "slope_deg": 21.954998832237575, "aspect_deg": 150.25511870305778 }, "geometry": { "type": "Point", "coordinates": [ 88.581374518679652, 27.476363725163434 ] } },
{ "type": "Feature", "properties": { "is_landslide": 0, "longitude": 88.62151666493078, "latitude": 27.417244521019867, "elevation_m": 1367.0, "slope_deg": 37.482715448564946, "aspect_deg": 1.2453642667683198 }, "geometry": { "type": "Point", "coordinates": [ 88.62151666493078, 27.417244521019867 ] } },
{ "type": "Feature", "properties": { "is_landslide": 0, "longitude": 88.874369153500297, "latitude": 27.267178531378292, "elevation_m": 3251.0, "slope_deg": 33.160996728860191, "aspect_deg": 52.253194612725338 }, "geometry": { "type": "Point", "coordinates": [ 88.874369153500297, 27.267178531378292 ] } },
{ "type": "Feature", "properties": { "is_landslide": 0, "longitude": 88.43874218413228, "latitude": 27.219110002728474, "elevation_m": 1728.0, "slope_deg": 20.439317573258251, "aspect_deg": 153.43494882292202 }, "geometry": { "type": "Point", "coordinates": [ 88.43874218413228, 27.219110002728474 ] } },
{ "type": "Feature", "properties": { "is_landslide": 0, "longitude": 88.189297558168363, "latitude": 27.363518971629301, "elevation_m": 1808.0, "slope_deg": 48.268538726417106, "aspect_deg": 354.88268515002733 }, "geometry": { "type": "Point", "coordinates": [ 88.189297558168363, 27.363518971629301 ] } },
{ "type": "Feature", "properties": { "is_landslide": 0, "longitude": 88.10753177967662, "latitude": 27.142108602243709, "elevation_m": 2030.0, "slope_deg": 36.978179819786355, "aspect_deg": 332.30052719194498 }, "geometry": { "type": "Point", "coordinates": [ 88.10753177967662, 27.142108602243709 ] } },
{ "type": "Feature", "properties": { "is_landslide": 0, "longitude": 88.141316073964759, "latitude": 27.22639350184647, "elevation_m": 2219.0, "slope_deg": 14.592550602033427, "aspect_deg": 140.19442890773482 }, "geometry": { "type": "Point", "coordinates": [ 88.141316073964759, 27.22639350184647 ] } },
{ "type": "Feature", "properties": { "is_landslide": 0, "longitude": 88.260859613267641, "latitude": 27.256256274492792, "elevation_m": 864.0, "slope_deg": 23.674161365449706, "aspect_deg": 81.253837737444769 }, "geometry": { "type": "Point", "coordinates": [ 88.260859613267641, 27.256256274492792 ] } },
{ "type": "Feature", "properties": { "is_landslide": 0, "longitude": 88.869915729529168, "latitude": 27.384463928196492, "elevation_m": 4374.0, "slope_deg": 20.846265656650555, "aspect_deg": 246.80140948635182 }, "geometry": { "type": "Point", "coordinates": [ 88.869915729529168, 27.384463928196492 ] } },
{ "type": "Feature", "properties": { "is_landslide": 0, "longitude": 88.407425536418089, "latitude": 27.264274774085166, "elevation_m": 989.0, "slope_deg": 25.030890233331949, "aspect_deg": 272.04540848888723 }, "geometry": { "type": "Point", "coordinates": [ 88.407425536418089, 27.264274774085166 ] } },
{ "type": "Feature", "properties": { "is_landslide": 0, "longitude": 88.187889230278302, "latitude": 27.540097431474969, "elevation_m": 4105.0, "slope_deg": 6.7213693393694571, "aspect_deg": 98.13010235415598 }, "geometry": { "type": "Point", "coordinates": [ 88.187889230278302, 27.540097431474969 ] } },
{ "type": "Feature", "properties": { "is_landslide": 0, "longitude": 88.636854159305912, "latitude": 27.376246028014606, "elevation_m": 1973.0, "slope_deg": 44.028978068920836, "aspect_deg": 223.60281897270363 }, "geometry": { "type": "Point", "coordinates": [ 88.636854159305912, 27.376246028014606 ] } },
{ "type": "Feature", "properties": { "is_landslide": 0, "longitude": 88.351945974116759, "latitude": 27.244079244029646, "elevation_m": 1637.0, "slope_deg": 40.537484461445651, "aspect_deg": 33.070677822761695 }, "geometry": { "type": "Point", "coordinates": [ 88.351945974116759, 27.244079244029646 ] } },
{ "type": "Feature", "properties": { "is_landslide": 0, "longitude": 88.531407870837768, "latitude": 27.158010190579731, "elevation_m": 314.0, "slope_deg": 34.746017665418641, "aspect_deg": 35.217592968192719 }, "geometry": { "type": "Point", "coordinates": [ 88.531407870837768, 27.158010190579731 ] } },
{ "type": "Feature", "properties": { "is_landslide": 0, "longitude": 88.089301557300615, "latitude": 27.162473398992955, "elevation_m": 2207.0, "slope_deg": 21.83567219571615, "aspect_deg": 343.07248693585296 }, "geometry": { "type": "Point", "coordinates": [ 88.089301557300615, 27.162473398992955 ] } },
{ "type": "Feature", "properties": { "is_landslide": 0, "longitude": 88.837642266483911, "latitude": 27.086773768896407, "elevation_m": 1694.0, "slope_deg": 25.239401820678914, "aspect_deg": 188.13010235415598 }, "geometry": { "type": "Point", "coordinates": [ 88.837642266483911, 27.086773768896407 ] } },
{ "type": "Feature", "properties": { "is_landslide": 0, "longitude": 88.4133367430927, "latitude": 27.384451549405924, "elevation_m": 2547.0, "slope_deg": 39.945824904296053, "aspect_deg": 264.28940686250036 }, "geometry": { "type": "Point", "coordinates": [ 88.4133367430927, 27.384451549405924 ] } },
{ "type": "Feature", "properties": { "is_landslide": 0, "longitude": 88.186646945854591, "latitude": 27.188937166384331, "elevation_m": 2304.0, "slope_deg": 32.772365143142935, "aspect_deg": 338.74949449286675 }, "geometry": { "type": "Point", "coordinates": [ 88.186646945854591, 27.188937166384331 ] } },
{ "type": "Feature", "properties": { "is_landslide": 0, "longitude": 88.61110011185248, "latitude": 27.533271670618202, "elevation_m": 1594.0, "slope_deg": 49.002825560094024, "aspect_deg": 178.33971763101721 }, "geometry": { "type": "Point", "coordinates": [ 88.61110011185248, 27.533271670618202 ] } },
{ "type": "Feature", "properties": { "is_landslide": 0, "longitude": 88.480271349849303, "latitude": 27.36642591802098, "elevation_m": 553.0, "slope_deg": 37.709793470882197, "aspect_deg": 82.568592028827481 }, "geometry": { "type": "Point", "coordinates": [ 88.480271349849303, 27.36642591802098 ] } },
{ "type": "Feature", "properties": { "is_landslide": 0, "longitude": 88.274071530717848, "latitude": 27.338636886656108, "elevation_m": 1425.0, "slope_deg": 23.567234622032583, "aspect_deg": 96.581944655178006 }, "geometry": { "type": "Point", "coordinates": [ 88.274071530717848, 27.338636886656108 ] } },
{ "type": "Feature", "properties": { "is_landslide": 0, "longitude": 88.352808207147959, "latitude": 27.277692675654738, "elevation_m": 2107.0, "slope_deg": 17.66231893216494, "aspect_deg": 96.009005957494523 }, "geometry": { "type": "Point", "coordinates": [ 88.352808207147959, 27.277692675654738 ] } },
{ "type": "Feature", "properties": { "is_landslide": 0, "longitude": 88.160973031171267, "latitude": 27.445787261201374, "elevation_m": 2770.0, "slope_deg": 19.827028653408171, "aspect_deg": 303.69006752597977 }, "geometry": { "type": "Point", "coordinates": [ 88.160973031171267, 27.445787261201374 ] } },
{ "type": "Feature", "properties": { "is_landslide": 0, "longitude": 88.483345612448616, "latitude": 27.135670781113532, "elevation_m": 688.0, "slope_deg": 38.544141572882481, "aspect_deg": 74.219246690484624 }, "geometry": { "type": "Point", "coordinates": [ 88.483345612448616, 27.135670781113532 ] } }
]
}
